CHROM_POS,Strelka_Normal_0.3_Read_Depth,Strelka_Tumor_0.3_Read_Depth,VarScan_Normal_0.3_Read_Depth,VarScan_Tumor_0.3_Read_Depth,Somatic_Truth_Read_Depth
chr12-335803,72,26,46,18,564
chr12-475579,46,22,38,19,920
chr12-1895372,73,28,50,20,656
chr12-1902766,98,30,69,24,598
chr12-1919543,125,48,97,38,632
chr12-2058245,94,42,80,35,578
chr12-2058695,58,26,50,22,587
chr12-2107036,114,40,81,27,807
chr12-2113147,40,23,26,14,550
chr12-2113348,73,23,46,13,434
chr12-2614070,116,48,94,46,859
chr12-3147631,36,15,28,14,533
chr12-3310335,107,43,92,38,609
chr12-4719169,85,24,52,12,527
chr12-4853457,40,19,39,17,649
chr12-5603632,96,39,67,28,718
chr12-5860179,72,30,58,25,902
chr12-6554470,87,40,67,27,623
chr12-6649540,88,33,57,20,485
chr12-6909442,100,38,74,26,515
chr12-7309869,47,18,41,15,571
chr12-7457217,85,27,66,25,583
chr12-7463241,104,45,77,29,650
chr12-7519485,27,20,24,19,817
chr12-7807138,74,30,49,18,686
chr12-8245239,113,48,97,38,689
chr12-8277960,61,15,49,13,853
chr12-8278181,113,41,97,34,859
chr12-8998182,56,30,42,27,598
chr12-9161411,61,21,46,18,726
chr12-9251613,69,32,53,29,799
chr12-9313304,71,24,48,21,548
chr12-10124533,42,21,33,16,848
chr12-10338868,54,28,43,19,763
chr12-10854451,84,34,71,29,665
chr12-10854625,100,35,80,27,783
chr12-10854763,91,36,68,29,918
chr12-10875488,79,31,61,18,448
chr12-12278468,79,32,65,26,805
chr12-12279361,50,18,46,14,814
chr12-12483275,106,42,93,33,963
chr12-12483713,117,30,93,27,999
chr12-13761829,71,31,58,21,672
chr12-13765015,51,21,45,14,703
chr12-14923522,41,15,29,12,507
chr12-14927994,93,34,64,18,529
chr12-15091627,43,17,27,14,640
chr12-15095558,93,34,67,23,641
chr12-15095707,89,32,78,25,637
chr12-15100684,65,19,44,14,532
chr12-18473690,52,22,42,16,760
chr12-18473729,65,26,53,21,747
chr12-18848131,75,29,68,27,884
chr12-21015906,72,27,51,23,716
chr12-21171896,60,15,50,14,759
chr12-21331549,103,45,87,38,795
chr12-21526443,98,32,83,27,792
chr12-21526472,79,24,62,20,791
chr12-21998012,43,21,37,19,689
chr12-21998145,51,19,41,14,720
chr12-22637968,47,15,39,13,856
chr12-22666531,59,24,52,18,767
chr12-24970708,53,22,47,22,903
chr12-24985653,123,38,104,32,1030
chr12-24994923,96,29,77,25,782
chr12-25031748,52,16,45,15,921
chr12-25307571,61,31,54,28,896
chr12-26568551,81,21,61,19,793
chr12-26591898,77,20,65,16,810
chr12-26592288,117,44,92,32,1040
chr12-26596344,76,26,66,19,667
chr12-26596348,78,26,65,22,668
chr12-26648092,107,45,90,36,932
chr12-27468506,61,21,52,19,904
chr12-27555335,54,16,42,14,851
chr12-27825168,37,23,28,21,770
chr12-29598373,109,35,82,28,806
chr12-29618423,38,15,29,12,522
chr12-29628309,32,19,28,18,720
chr12-31612905,47,16,43,16,887
chr12-32458281,47,17,34,12,722
chr12-32945721,108,40,89,29,555
chr12-32945769,91,35,80,27,553
chr12-32945835,67,19,54,16,628
chr12-39064824,42,20,37,16,784
chr12-40345255,58,22,48,21,782
chr12-40631625,54,34,40,28,593
chr12-40631791,125,59,105,52,880
chr12-40643468,59,27,51,23,769
chr12-40697477,45,14,38,13,750
chr12-40702987,103,42,79,27,911
chr12-40708892,79,29,68,22,696
chr12-40713834,90,38,61,31,922
chr12-40714188,53,24,49,21,940
chr12-40714266,45,28,41,21,759
chr12-40714267,45,29,41,24,759
chr12-40714618,52,20,43,17,867
chr12-40716015,46,27,31,15,895
chr12-40722452,54,16,44,14,676
chr12-40757533,49,18,35,16,862
chr12-40758652,101,37,68,24,1011
chr12-40761007,85,35,69,28,820
chr12-40787385,113,29,87,20,691
chr12-40820927,61,26,53,23,643
chr12-40841605,60,27,52,27,643
chr12-40925479,104,39,83,32,696
chr12-40937363,52,20,36,18,818
chr12-40963139,98,16,84,13,859
chr12-40963310,71,23,57,19,850
chr12-42717811,78,28,51,22,814
chr12-42836270,70,28,53,24,643
chr12-43769718,101,37,89,31,700
chr12-43819697,47,16,41,14,814
chr12-43833296,94,30,72,25,780
chr12-43846272,109,27,93,24,896
chr12-43883994,40,16,30,13,774
chr12-43926132,61,25,51,19,640
chr12-45444238,61,34,33,19,583
chr12-46600617,46,19,42,15,776
chr12-46600754,69,17,54,16,770
chr12-47162211,111,41,93,31,650
chr12-47174089,52,19,48,18,717
chr12-48081539,92,21,64,16,931
chr12-48104746,108,32,88,26,636
chr12-48106488,51,25,32,21,609
chr12-48110608,106,27,84,22,533
chr12-48238757,105,37,77,26,732
chr12-48239835,65,24,53,19,641
chr12-48249259,56,20,38,12,689
chr12-48375568,96,29,70,21,496
chr12-48379961,103,32,75,22,547
chr12-48527715,68,19,52,15,679
chr12-49218810,132,36,108,30,458
chr12-49239103,43,16,30,12,489
chr12-50473120,31,17,25,13,645
chr12-51682159,85,25,71,20,538
chr12-51722633,56,19,47,17,740
chr12-51723598,101,36,80,28,477
chr12-51723727,59,24,35,13,607
chr12-51739471,71,39,52,26,614
chr12-52452260,44,20,37,20,629
chr12-52966899,83,25,50,15,544
chr12-52985166,91,29,69,25,573
chr12-52992523,53,23,40,17,526
chr12-53003328,49,16,43,13,601
chr12-53008053,55,29,43,20,599
chr12-53070688,79,26,62,23,631
chr12-53166192,91,26,77,20,711
chr12-53294747,81,29,63,27,611
chr12-53449735,92,30,70,24,631
chr12-53936868,63,22,55,21,788
chr12-54394497,113,35,81,22,662
chr12-54685880,46,24,39,22,554
chr12-54791496,36,22,31,19,607
chr12-54977925,78,46,63,39,570
chr12-54978225,77,30,68,24,560
chr12-55689194,55,26,46,24,878
chr12-55862762,46,17,40,15,839
chr12-56077418,68,27,53,22,623
chr12-56115883,56,19,48,18,821
chr12-56384804,93,30,81,22,664
chr12-56480648,65,21,51,17,524
chr12-57036023,46,20,37,18,566
chr12-62654503,43,16,33,11,446
chr12-62708958,52,17,43,13,774
chr12-62715412,102,35,89,31,674
chr12-62748862,45,19,33,16,719
chr12-62777565,100,39,88,34,669
chr12-62797926,103,29,84,27,757
chr12-62895074,72,30,54,24,853
chr12-62902550,50,19,41,19,731
chr12-62964975,50,23,40,21,695
chr12-69103438,58,27,36,17,730
chr12-69145653,59,31,49,27,715
chr12-69963871,39,20,34,16,664
chr12-69986574,41,16,34,12,613
chr12-70078684,37,17,28,12,708
chr12-70959910,36,16,27,14,554
chr12-71898193,43,16,32,10,653
chr12-71898220,51,19,37,15,655
chr12-71898287,74,34,63,24,670
chr12-71898358,112,45,87,35,591
chr12-71918078,91,27,76,22,771
chr12-71953082,47,17,40,16,751
chr12-72091025,84,27,61,22,781
chr12-72167569,38,23,27,15,661
chr12-75437203,53,18,44,12,675
chr12-75437253,39,19,32,16,692
chr12-75807143,40,17,34,14,679
chr12-78573706,26,14,23,12,789
chr12-79689489,32,16,30,13,772
chr12-80746886,51,22,35,13,809
chr12-83289468,68,23,50,14,621
chr12-85277421,82,33,71,26,683
chr12-85492094,86,45,72,36,762
chr12-85532010,37,22,30,20,717
chr12-85545729,38,17,32,16,726
chr12-85554331,70,32,54,20,715
chr12-93210335,52,29,43,28,807
chr12-93894823,67,28,45,22,844
chr12-94580465,46,21,35,15,588
chr12-94614302,20,14,18,14,643
chr12-95396906,61,27,52,21,692
chr12-95397644,45,14,33,11,589
chr12-96052721,55,26,45,23,693
chr12-96252619,43,20,35,12,519
chr12-97079041,87,43,69,35,642
chr12-97082439,42,17,31,14,800
chr12-97084626,48,15,44,13,800
chr12-97085107,103,32,92,28,738
chr12-97087269,35,15,26,14,659
chr12-97098549,73,30,54,26,810
chr12-97102578,111,31,87,25,604
chr12-97102700,80,26,66,18,741
chr12-97102820,57,24,49,24,786
chr12-97135903,44,23,36,19,778
chr12-97136239,124,41,103,32,836
chr12-97314001,98,29,81,22,839
chr12-97344858,45,15,33,12,836
chr12-99019469,67,19,59,17,852
chr12-99020688,69,28,51,22,732
chr12-99105793,44,19,39,12,761
chr12-99129497,98,39,71,25,699
chr12-99166805,105,48,86,35,615
chr12-99175649,45,16,33,14,584
chr12-100048657,66,22,44,20,838
chr12-100049213,38,23,34,21,761
chr12-101473243,36,20,30,15,549
chr12-101551386,45,18,38,16,872
chr12-101728547,38,21,32,20,705
chr12-101763324,46,22,37,18,723
chr12-102010815,82,25,68,23,850
chr12-102054812,61,26,43,21,727
chr12-102064384,45,17,32,12,672
chr12-102064397,41,17,33,14,656
chr12-102070871,51,29,48,21,810
chr12-102120363,60,18,52,14,783
chr12-102183938,68,29,51,25,689
chr12-104123543,35,16,29,13,743
chr12-104152456,29,14,19,13,636
chr12-104182359,50,18,39,14,802
chr12-104186655,28,19,26,16,758
chr12-104186795,68,35,54,25,723
chr12-104683024,53,24,39,21,738
chr12-105444055,53,20,38,11,790
chr12-105597680,62,20,47,18,695
chr12-106831283,68,19,58,14,738
chr12-108035805,119,40,80,27,722
chr12-108036259,50,22,40,16,577
chr12-109894396,30,17,24,15,636
chr12-112844996,35,18,31,15,725
chr12-112915232,57,20,48,19,759
chr12-113770841,51,38,42,24,686
chr12-113836203,70,30,52,23,573
chr12-114362838,63,19,46,14,616
chr12-114793260,102,34,83,26,509
chr12-117013730,68,28,42,16,670
chr12-117593216,24,15,20,11,609
chr12-117593391,52,20,32,11,661
chr12-117603161,70,24,55,17,762
chr12-117610040,55,26,45,23,687
chr12-117611859,53,27,39,20,571
chr12-117612735,52,25,37,18,688
chr12-117660873,49,18,38,16,482
chr12-119419603,83,26,49,14,472
chr12-120959924,104,26,82,22,691
chr12-121175984,109,26,74,17,449
chr12-121205604,58,27,44,26,570
chr12-121442385,102,39,73,29,493
chr12-121615369,77,26,56,20,712
chr12-121622023,97,26,73,21,695
chr12-121660461,49,24,25,20,423
chr12-122079734,43,20,31,17,670
chr12-122692820,61,29,51,22,596
chr12-122762604,66,25,42,16,661
chr12-123414349,64,21,45,15,544
chr12-123794557,59,30,49,25,684
chr12-123800376,38,22,30,18,785
chr12-123812763,64,22,53,18,679
chr12-123969017,39,17,33,15,472
chr12-124218797,31,18,27,16,780
chr12-124219910,57,17,47,14,539
chr12-124319864,83,42,68,32,650
chr12-124839867,84,28,50,13,527
chr12-124950652,115,47,87,36,591
chr12-125432618,112,37,78,32,641
chr12-125432920,58,20,41,17,613
chr12-125438616,89,35,57,25,495
chr12-125444594,35,19,24,15,569
chr12-125445124,52,16,41,13,612
chr12-125450416,100,44,69,35,535
chr12-125450671,26,21,20,16,628
chr12-125450698,26,19,19,16,568
chr12-129293644,100,30,83,24,733
chr12-129432149,49,20,36,13,559
chr12-129694345,70,14,46,9,521
chr12-130832492,72,26,51,22,678
chr12-130834725,53,14,46,13,732
chr12-131280714,79,33,68,29,589
chr12-131297238,54,14,46,14,701
chr12-132513097,48,20,44,16,639
chr12-132516856,58,14,45,13,562
chr12-133197288,102,36,82,30,511
chr12-133201947,77,29,65,24,485
chr12-133202004,88,25,62,18,517
chr12-133209593,34,16,28,13,625
chr12-133209653,23,15,18,14,584
chr12-133212692,74,28,62,19,525
chr12-133212737,48,21,39,18,546
chr12-133214441,58,29,36,21,537
chr12-133214517,61,30,44,21,543
chr12-133214522,63,35,49,27,551
chr12-133218724,111,35,92,29,571
chr12-133220321,98,29,73,24,494
chr12-133220652,74,26,59,20,596
chr12-133220670,66,23,48,18,596
chr12-133225446,103,28,77,20,564
chr12-133234389,107,41,89,39,697
chr12-133240782,103,32,74,24,526
chr12-133249017,90,38,73,27,574
chr12-133249139,98,26,75,17,529
chr12-133250118,113,28,85,23,476
chr12-133252556,94,37,70,25,556
chr17-131709,95,37,74,32,697
chr17-706563,31,16,27,15,616
chr17-708015,54,18,35,12,455
chr17-708223,85,27,58,20,476
chr17-725869,40,17,35,15,517
chr17-1370720,84,23,64,16,356
chr17-1411848,50,19,40,15,490
chr17-1419853,115,46,78,38,628
chr17-1424948,113,45,100,32,574
chr17-1486851,49,27,38,19,522
chr17-1518030,36,17,29,16,574
chr17-1519775,86,28,66,16,565
chr17-1704398,86,31,73,20,706
chr17-2595964,119,41,101,35,587
chr17-3181384,123,32,96,28,774
chr17-3182309,94,21,67,16,565
chr17-3195503,112,33,85,23,743
chr17-3213448,66,30,50,21,630
chr17-3214181,107,28,88,20,576
chr17-3301549,102,38,92,34,641
chr17-3343519,99,47,83,40,914
chr17-3346130,35,18,30,16,578
chr17-3366226,65,18,56,15,913
chr17-3379842,69,19,59,17,692
chr17-3385249,63,19,46,15,713
chr17-3386558,58,19,51,18,758
chr17-3418119,72,27,39,13,518
chr17-3469853,55,20,48,18,810
chr17-3568401,56,34,45,24,607
chr17-3599044,66,32,47,22,593
chr17-3599662,41,14,38,13,647
chr17-3626816,110,46,88,39,540
chr17-3635489,63,23,47,14,577
chr17-3638344,86,38,67,32,593
chr17-3649214,103,40,73,32,633
chr17-3653959,35,20,22,17,470
chr17-3657159,116,41,99,34,692
chr17-3657175,115,39,88,23,670
chr17-3660750,97,34,65,28,564
chr17-3660864,84,32,72,28,586
chr17-3663977,40,15,23,14,431
chr17-3664975,111,35,90,23,569
chr17-3665116,102,41,78,34,554
chr17-3665600,35,23,28,18,539
chr17-3717896,84,26,56,20,650
chr17-3728903,81,23,66,19,741
chr17-3776867,82,25,58,21,578
chr17-3856353,53,22,44,22,482
chr17-4199933,97,23,79,22,666
chr17-4389267,62,19,44,16,603
chr17-4488414,60,23,41,15,619
chr17-4534608,39,26,35,26,736
chr17-4576620,92,48,62,33,487
chr17-4620897,87,41,60,22,519
chr17-4870893,74,25,57,21,459
chr17-4877120,66,30,43,21,421
chr17-4877358,62,30,45,24,494
chr17-4883818,60,38,44,23,364
chr17-4893357,139,45,117,36,536
chr17-4924333,71,18,56,13,560
chr17-4937982,98,27,70,22,530
chr17-5087723,63,17,53,14,600
chr17-5124877,60,22,43,18,628
chr17-5486800,63,15,51,15,522
chr17-5487164,121,37,101,30,485
chr17-6020999,61,20,52,17,582
chr17-6350525,38,19,25,15,482
chr17-6371738,86,17,62,10,443
chr17-6373244,43,19,33,13,563
chr17-6376356,51,20,45,20,543
chr17-6377399,20,14,17,12,379
chr17-6387482,85,30,74,27,580
chr17-6441164,62,19,47,17,545
chr17-6441207,69,21,56,19,563
chr17-6589350,48,20,35,17,532
chr17-6589883,53,16,41,12,523
chr17-6591098,87,34,66,23,638
chr17-6604708,41,16,29,14,539
chr17-6982444,59,24,53,23,597
chr17-7080069,71,29,35,16,548
chr17-7246940,123,43,97,36,509
chr17-7251159,83,33,56,28,481
chr17-7252148,66,35,53,30,486
chr17-7258481,97,44,82,32,524
chr17-7346302,122,39,97,30,472
chr17-7350050,91,40,71,37,427
chr17-7350544,105,42,68,30,567
chr17-7357864,117,37,91,31,597
chr17-7358520,98,30,62,26,510
chr17-7358861,102,28,80,21,595
chr17-7402985,53,19,44,16,543
chr17-7403792,40,18,28,14,701
chr17-7407327,54,22,35,17,610
chr17-7411360,54,20,45,17,645
chr17-7536460,102,25,75,23,546
chr17-7536943,41,21,33,17,501
chr17-7689217,49,19,39,18,523
chr17-7949750,57,18,39,14,564
chr17-7989047,51,14,40,13,522
chr17-7990437,42,25,34,20,336
chr17-7999957,99,45,80,37,513
chr17-8639090,50,21,36,16,516
chr17-8656959,44,27,33,20,495
chr17-8656990,53,25,41,20,536
chr17-9511769,49,24,39,19,748
chr17-9538649,85,32,66,23,721
chr17-9545226,86,27,65,19,736
chr17-9569665,40,16,37,15,529
chr17-9590319,75,22,63,19,673
chr17-9590356,57,22,50,19,686
chr17-9590409,49,20,45,16,731
chr17-9674543,41,24,25,22,431
chr17-9801730,47,21,34,17,477
chr17-9804473,98,39,70,29,560
chr17-9820831,55,20,40,19,513
chr17-9820883,75,26,61,25,573
chr17-10249087,63,24,52,18,387
chr17-10314375,59,23,49,15,685
chr17-10314395,53,21,34,12,734
chr17-10315556,75,21,60,17,715
chr17-10316275,49,17,40,15,736
chr17-10317125,61,23,48,17,634
chr17-10317831,102,38,82,34,757
chr17-10317842,95,41,69,35,748
chr17-10317940,64,31,49,21,727
chr17-10319148,103,37,77,27,729
chr17-10323020,30,15,23,13,671
chr17-10348705,90,31,60,26,566
chr17-10354974,81,29,67,29,743
chr17-10355371,107,33,90,28,555
chr17-10356816,126,34,104,24,682
chr17-10360407,46,16,37,15,734
chr17-10367323,49,17,47,16,705
chr17-10399897,103,31,86,29,715
chr17-10404118,107,36,91,26,503
chr17-10411397,59,19,41,10,484
chr17-10412480,41,16,27,14,690
chr17-10414796,23,14,19,13,794
chr17-10417867,74,18,63,16,620
chr17-10418275,114,34,93,29,704
chr17-10427924,96,38,71,27,591
chr17-10434925,101,42,91,38,654
chr17-10440231,67,26,58,19,614
chr17-10442977,110,48,91,42,702
chr17-10446508,121,36,104,30,805
chr17-11536310,43,20,37,15,691
chr17-11548364,48,22,38,19,644
chr17-11556473,46,23,37,19,730
chr17-11826893,48,23,40,16,533
chr17-11827353,81,27,62,22,537
chr17-11840528,79,24,58,14,526
chr17-11886864,78,31,55,24,618
chr17-14005647,79,30,65,19,730
chr17-15206970,39,16,34,12,730
chr17-16893155,42,17,32,14,547
chr17-16893180,45,17,41,16,515
chr17-17062241,103,36,79,26,489
chr17-17120204,77,23,61,17,591
chr17-17120668,48,21,38,18,722
chr17-17125595,39,18,33,12,600
chr17-17165136,53,26,31,15,697
chr17-17184745,46,21,41,16,773
chr17-17716531,48,17,31,13,613
chr17-17907352,59,17,47,17,616
chr17-17996948,39,17,28,15,557
chr17-19216811,37,19,34,17,594
chr17-19437187,69,26,54,17,504
chr17-19445923,52,20,40,15,567
chr17-19555725,87,28,76,20,743
chr17-19559623,115,32,94,29,790
chr17-19616245,62,26,44,19,595
chr17-19617393,78,26,52,15,612
chr17-19619441,52,19,40,14,607
chr17-19619998,72,30,53,22,554
chr17-19644133,53,20,41,20,577
chr17-20200129,72,30,55,21,578
chr17-21081320,34,19,27,17,497
chr17-25912828,80,28,50,18,595
chr17-26888725,91,24,73,18,758
chr17-26904552,52,29,40,21,563
chr17-27043559,44,22,36,19,613
chr17-27290751,49,20,38,19,646
chr17-27296508,40,22,37,17,676
chr17-27409738,45,19,34,14,498
chr17-27412997,63,15,52,13,551
chr17-27413231,43,16,36,14,518
chr17-27413403,105,25,86,17,481
chr17-27416860,92,23,66,14,443
chr17-27417337,100,36,82,29,573
chr17-27419695,107,40,78,28,541
chr17-27424163,111,38,81,23,396
chr17-27425793,127,33,103,26,589
chr17-27426153,62,22,40,13,484
chr17-27426411,60,36,52,27,549
chr17-27576019,47,28,38,21,715
chr17-28120887,88,26,54,18,770
chr17-29283603,74,21,56,17,657
chr17-29509946,37,15,31,11,908
chr17-30321293,87,32,72,28,850
chr17-32683289,53,17,34,14,532
chr17-32908217,76,41,57,34,499
chr17-32956955,87,26,52,20,470
chr17-33951228,68,16,60,12,801
chr17-34061989,54,23,36,15,526
chr17-35936594,112,27,92,24,642
chr17-36493750,68,24,42,20,537
chr17-36865267,71,33,54,29,681
chr17-36896746,59,28,33,14,516
chr17-37334426,61,34,38,22,344
chr17-37417575,71,23,54,17,606
chr17-37789998,74,24,52,17,558
chr17-37810218,42,16,39,13,501
chr17-38027400,70,26,63,23,848
chr17-38063381,66,16,48,13,616
chr17-38175462,44,24,38,21,526
chr17-38182229,48,18,37,15,706
chr17-38641412,62,23,44,19,694
chr17-38938222,66,21,57,17,733
chr17-38948438,54,20,43,18,881
chr17-38953540,118,44,79,34,665
chr17-38954687,87,34,71,21,730
chr17-38954903,105,40,89,32,870
chr17-38976998,107,44,97,38,779
chr17-39020926,49,18,26,11,760
chr17-39033467,56,21,38,15,671
chr17-39122422,42,18,31,16,722
chr17-39123417,43,21,36,20,747
chr17-39137725,35,18,34,17,848
chr17-39138436,71,22,54,20,781
chr17-39138477,89,34,75,25,755
chr17-39619435,77,27,58,23,645
chr17-39984746,49,18,34,14,557
chr17-41216205,66,21,50,15,686
chr17-41248164,51,22,38,15,455
chr17-41362272,59,24,43,15,856
chr17-41364910,69,24,47,17,617
chr17-41606711,78,37,66,36,485
chr17-41847415,64,19,50,16,542
chr17-41902799,53,21,46,17,587
chr17-42337091,102,41,81,40,495
chr17-45017645,52,20,40,19,638
chr17-45291103,96,33,78,27,492
chr17-45297004,45,20,42,17,601
chr17-45380002,97,38,78,34,518
chr17-45438417,45,21,38,20,806
chr17-45885441,54,31,34,17,565
chr17-46055036,61,24,41,20,615
chr17-46970509,47,18,33,15,493
chr17-47004090,44,19,34,15,540
chr17-47014651,59,26,50,25,661
chr17-47018069,51,21,39,18,581
chr17-47036042,83,32,64,24,552
chr17-47218899,63,25,52,20,594
chr17-47782008,36,17,34,18,667
chr17-48431032,107,34,83,29,455
chr17-48447125,62,20,55,15,647
chr17-48465806,38,14,27,12,521
chr17-48469538,48,19,39,19,738
chr17-48474501,77,31,50,28,621
chr17-48649758,64,28,42,22,538
chr17-48737011,39,19,33,16,591
chr17-48823815,115,49,94,39,689
chr17-49057541,52,16,44,15,661
chr17-49084927,35,17,31,14,870
chr17-49237562,59,18,39,16,653
chr17-52991636,36,17,23,15,616
chr17-53007655,79,30,58,22,569
chr17-53014232,71,32,55,31,670
chr17-53038430,68,33,55,26,668
chr17-53041857,63,22,57,21,789
chr17-53063743,88,42,70,34,745
chr17-55187654,43,20,35,19,607
chr17-55196543,64,23,46,18,620
chr17-55708812,62,20,52,11,644
chr17-55709380,30,20,21,18,641
chr17-55754573,50,15,39,11,515
chr17-56341733,36,21,29,16,645
chr17-56436211,80,31,64,27,706
chr17-56440542,64,22,55,18,611
chr17-56535932,60,22,51,20,887
chr17-56539890,40,23,35,19,724
chr17-56693132,56,15,51,13,613
chr17-56698827,41,22,32,15,595
chr17-57050365,86,48,67,34,670
chr17-57184162,56,21,43,17,621
chr17-57291138,65,28,55,19,658
chr17-57989740,42,18,38,16,707
chr17-59478776,58,16,50,16,576
chr17-59485393,71,20,48,19,613
chr17-59485555,109,42,74,32,457
chr17-59490235,118,52,86,41,659
chr17-60455076,39,21,33,19,757
chr17-60455506,86,35,72,27,751
chr17-60837034,38,19,36,16,592
chr17-60837563,50,15,42,13,666
chr17-61555666,42,16,36,15,688
chr17-61558229,66,27,45,20,409
chr17-61560763,98,38,77,26,518
chr17-61562490,83,23,55,15,274
chr17-61562774,89,30,69,21,552
chr17-61562954,41,17,33,15,498
chr17-62028528,37,19,27,11,647
chr17-63822041,31,18,26,14,579
chr17-64735157,40,23,37,18,606
chr17-64783539,51,17,35,14,584
chr17-65116988,48,18,37,14,746
chr17-65156919,93,37,64,28,680
chr17-65164181,23,14,16,12,603
chr17-65191647,104,39,87,31,684
chr17-65199627,82,26,65,22,699
chr17-65343725,82,27,60,22,753
chr17-66525464,37,17,33,17,741
chr17-66533979,94,32,73,27,719
chr17-66535746,101,33,83,31,607
chr17-67080770,59,32,53,25,802
chr17-67081513,72,26,56,24,741
chr17-67133352,76,29,59,24,785
chr17-67144884,109,31,83,24,836
chr17-67147962,68,22,53,17,712
chr17-67152734,38,18,31,11,742
chr17-67161510,39,20,34,16,835
chr17-67170736,118,31,96,27,771
chr17-67171748,109,37,94,34,874
chr17-67178316,126,31,99,28,732
chr17-67178713,57,25,45,25,730
chr17-67181333,46,14,38,14,606
chr17-67181540,103,42,82,35,668
chr17-67181548,108,47,83,40,685
chr17-67184196,73,20,66,17,804
chr17-67197475,65,17,52,13,650
chr17-67197491,65,19,47,14,673
chr17-67211118,62,19,47,15,798
chr17-67212574,95,32,83,29,751
chr17-67212768,40,18,33,16,787
chr17-67215485,59,22,49,22,761
chr17-67217796,77,27,64,21,577
chr17-67218197,50,18,37,14,702
chr17-67284118,57,17,44,14,951
chr17-71167521,107,42,64,25,730
chr17-71192468,59,25,46,20,635
chr17-71193594,94,30,72,23,648
chr17-71195833,64,22,49,18,557
chr17-71195949,96,33,80,27,638
chr17-71196995,113,30,94,25,636
chr17-71202099,98,37,75,29,563
chr17-71228066,73,24,53,14,547
chr17-71238693,81,39,73,38,709
chr17-71238773,81,30,63,18,744
chr17-71257669,45,15,33,12,550
chr17-71257804,65,21,45,18,557
chr17-71335260,54,21,42,16,497
chr17-71347027,63,24,47,18,527
chr17-71357810,69,41,49,33,514
chr17-72338271,51,24,32,19,644
chr17-72339542,31,16,24,15,581
chr17-72610089,96,40,66,30,535
chr17-72786611,47,22,37,20,525
chr17-72876979,48,16,38,13,590
chr17-72937605,122,45,91,36,497
chr17-73328989,64,22,52,21,860
chr17-73515237,50,30,28,24,596
chr17-73518563,55,28,40,23,486
chr17-73647138,94,24,79,19,580
chr17-73661411,59,26,45,24,675
chr17-73724803,53,28,47,26,530
chr17-74397026,116,36,91,30,586
chr17-74401522,89,24,66,19,504
chr17-74477691,65,24,47,18,424
chr17-74718155,67,17,52,15,596
chr17-76451921,109,23,72,19,513
chr17-76457910,58,24,41,18,477
chr17-76502634,63,21,47,17,472
chr17-76502734,90,25,60,14,514
chr17-76503966,59,25,40,19,652
chr17-76506607,99,45,71,39,605
chr17-76802648,44,21,38,17,503
chr17-76870106,67,24,50,19,472
chr17-77042322,62,18,56,16,629
chr17-77043574,75,29,48,16,508
chr17-77078871,58,24,36,18,559
chr17-77753442,47,18,37,14,587
chr17-78194257,58,22,37,17,589
chr17-78704240,52,28,38,15,643
chr17-78727734,83,37,71,27,617
chr17-78765219,126,39,98,26,623
chr17-78795868,61,20,41,17,501
chr17-78882806,91,28,65,25,646
chr17-78897146,81,28,52,23,498
chr17-79084367,59,17,41,13,640
chr17-79093822,67,28,51,16,524
chr17-79373962,44,20,31,16,510
chr17-79632000,43,25,40,24,594
chr17-79639874,69,25,46,20,594
chr17-79658300,54,24,44,19,606
chr17-79670273,46,24,40,20,689
chr17-79679848,44,23,31,20,539
chr17-79954544,95,43,60,28,457
chr17-79981206,53,29,40,18,498
chr17-80085916,59,35,42,26,607
chr17-80086158,67,30,48,22,610
chr17-80086177,58,26,44,18,572
chr17-80617215,42,22,33,18,677
chr17-80680449,48,21,40,19,482
chr17-80914743,85,28,64,19,638
chr17-80918696,46,21,39,11,519
chr17-80992533,27,15,22,13,547
chr17-80992565,37,16,27,10,583
chr17-80992749,63,25,48,18,698
chr17-81006629,105,25,71,20,709
chr17-81009595,107,34,66,26,435
chr5-173200,101,39,72,30,492
chr5-181494,51,29,44,18,489
chr5-447779,118,61,88,50,606
chr5-465633,105,35,75,30,514
chr5-901194,56,29,44,23,638
chr5-5318766,52,23,41,20,574
chr5-6372585,107,33,80,27,537
chr5-6374079,24,16,22,16,745
chr5-6746648,75,31,60,28,712
chr5-6748810,80,21,61,18,518
chr5-6750830,80,23,63,17,696
chr5-6751526,34,18,29,16,566
chr5-7698282,78,33,60,23,652
chr5-9190697,66,18,51,12,620
chr5-11082612,58,15,47,12,704
chr5-11111253,78,31,67,25,656
chr5-13714162,39,17,35,14,606
chr5-13714740,95,44,75,34,619
chr5-13719022,106,38,79,30,675
chr5-13719089,91,27,71,23,621
chr5-13809957,48,19,36,17,798
chr5-13823971,30,16,27,14,724
chr5-13841459,84,26,66,24,749
chr5-13868384,42,25,37,23,798
chr5-13894894,122,39,99,33,810
chr5-14286802,56,22,50,13,525
chr5-14387387,62,32,46,27,566
chr5-14471666,109,35,89,28,745
chr5-14479938,99,33,82,27,680
chr5-16681305,74,26,54,17,612
chr5-16694217,49,25,41,17,624
chr5-16694309,62,23,47,16,598
chr5-16694349,76,22,61,15,700
chr5-26903476,50,20,43,16,760
chr5-32725072,49,20,34,16,720
chr5-33441569,37,16,33,12,505
chr5-33457535,105,34,94,30,776
chr5-33457650,82,34,73,24,679
chr5-33458636,116,39,95,33,711
chr5-33467432,59,22,49,18,679
chr5-33616311,60,23,47,18,642
chr5-33684287,57,25,47,21,782
chr5-34807741,66,28,43,18,563
chr5-34807928,117,50,104,40,804
chr5-34811137,108,40,89,30,783
chr5-34821825,127,41,106,34,881
chr5-34824555,110,38,90,31,816
chr5-35857177,133,35,112,27,725
chr5-35857235,104,36,93,33,693
chr5-35857262,92,29,76,23,735
chr5-35861068,117,45,98,31,860
chr5-35861268,42,24,28,16,664
chr5-35871190,116,28,90,22,896
chr5-35875593,111,38,86,27,819
chr5-38958750,81,46,65,40,744
chr5-41032604,48,18,38,17,615
chr5-41033112,114,38,85,28,598
chr5-41038548,40,14,32,11,701
chr5-41039295,77,27,60,18,571
chr5-41039430,87,38,69,31,639
chr5-41054535,49,14,41,11,831
chr5-41071179,50,17,44,17,642
chr5-41149147,50,25,41,23,691
chr5-41199616,51,14,46,14,752
chr5-41199629,53,17,46,18,767
chr5-41199959,97,39,77,34,898
chr5-41200353,34,17,34,15,761
chr5-41853329,65,16,55,14,736
chr5-42565843,66,20,55,16,708
chr5-43292483,96,28,75,20,653
chr5-43292908,134,36,108,26,945
chr5-43293350,40,15,30,13,756
chr5-43294357,97,34,76,28,669
chr5-43296165,56,20,44,18,811
chr5-43297032,99,36,84,25,818
chr5-43297144,119,32,104,29,771
chr5-43298515,133,45,116,34,829
chr5-43298557,134,43,101,33,790
chr5-52157374,87,32,78,27,690
chr5-53815240,112,45,93,39,677
chr5-55075670,65,46,54,39,837
chr5-55178747,67,19,47,15,770
chr5-55528815,110,38,86,32,842
chr5-56183743,58,21,49,19,659
chr5-56527224,62,27,52,19,704
chr5-56558225,47,22,40,20,790
chr5-61673337,67,22,46,15,783
chr5-63665335,83,29,55,25,745
chr5-64049914,51,19,44,18,780
chr5-64081625,57,18,49,16,720
chr5-64313887,54,26,46,21,826
chr5-64509707,52,24,43,22,684
chr5-64569420,56,25,42,17,813
chr5-64766342,47,19,42,17,816
chr5-64859027,103,46,70,37,575
chr5-64875105,67,26,46,13,817
chr5-64956428,87,32,67,28,682
chr5-66255326,47,21,36,17,666
chr5-71739602,110,32,93,25,653
chr5-72179286,44,28,31,25,707
chr5-72354603,32,20,24,16,706
chr5-72378015,33,20,28,18,741
chr5-73196761,44,14,40,13,710
chr5-73197200,88,30,65,18,716
chr5-73980963,57,30,42,20,489
chr5-73981662,43,21,31,16,542
chr5-74041329,75,28,56,21,865
chr5-74047436,77,30,60,24,710
chr5-74054595,89,31,67,25,770
chr5-74059708,76,24,62,21,972
chr5-76341973,56,22,47,20,830
chr5-76350139,51,20,42,17,925
chr5-76696334,58,18,44,15,690
chr5-76787786,35,21,29,18,442
chr5-78980680,49,19,38,15,676
chr5-79024734,112,36,93,25,630
chr5-79028472,125,51,94,39,659
chr5-79028726,120,45,101,37,638
chr5-79029594,110,33,83,28,636
chr5-79030045,113,36,91,30,635
chr5-79039420,59,23,46,20,673
chr5-79057477,58,18,47,12,835
chr5-79058817,107,30,87,30,622
chr5-79355471,84,29,64,21,672
chr5-79375575,70,27,64,24,687
chr5-80088461,59,22,51,14,803
chr5-81601230,83,46,75,42,945
chr5-82969704,33,15,25,14,647
chr5-89918232,51,25,38,21,752
chr5-93752874,94,53,76,42,999
chr5-94043584,23,18,18,17,746
chr5-94726879,64,25,42,22,724
chr5-94955783,37,25,29,22,595
chr5-95152493,56,27,46,19,766
chr5-95733112,116,50,95,45,1104
chr5-96119328,59,24,48,20,744
chr5-100191561,61,19,55,19,812
chr5-100191594,58,23,41,19,837
chr5-101575241,46,17,35,11,830
chr5-101795556,56,19,48,16,619
chr5-102325618,37,15,35,13,773
chr5-102325692,44,18,34,17,807
chr5-102355261,41,20,36,19,677
chr5-102891490,72,26,52,18,782
chr5-102894673,133,42,107,35,724
chr5-102896142,50,21,34,18,709
chr5-110097554,53,21,46,16,839
chr5-110408743,80,27,56,18,559
chr5-110837447,68,17,59,15,749
chr5-111311979,38,16,29,14,783
chr5-112258120,43,18,34,14,500
chr5-112399477,60,31,43,27,557
chr5-112487137,109,33,90,28,772
chr5-112676024,35,17,23,14,713
chr5-112676191,97,39,80,28,680
chr5-112676579,59,14,49,14,680
chr5-112770027,89,41,81,33,645
chr5-112823768,50,23,38,16,654
chr5-112850963,122,48,76,30,785
chr5-112851121,82,27,61,21,736
chr5-112876532,79,29,56,26,598
chr5-112884197,121,37,107,34,779
chr5-112884728,104,33,83,26,734
chr5-112896576,50,17,42,15,786
chr5-112899250,91,49,74,37,829
chr5-112901494,89,22,63,18,839
chr5-112901836,56,25,44,21,755
chr5-112926982,113,34,93,28,907
chr5-112929013,113,41,91,37,943
chr5-115298977,62,23,46,18,672
chr5-115320508,81,31,64,20,604
chr5-115323949,41,14,35,13,587
chr5-115470017,64,22,48,16,797
chr5-115832056,98,42,86,36,862
chr5-118845139,52,25,40,22,709
chr5-125801416,53,19,42,15,669
chr5-125880589,102,44,88,34,676
chr5-125885285,34,18,28,15,701
chr5-125910682,28,16,23,15,855
chr5-125929746,89,31,61,23,808
chr5-125972168,45,18,39,15,607
chr5-126140522,93,41,79,32,972
chr5-127641916,48,20,40,17,800
chr5-127646694,42,17,29,11,803
chr5-127665936,38,17,36,16,754
chr5-127666565,59,18,53,16,691
chr5-127685624,135,43,112,33,768
chr5-127686378,52,28,44,27,718
chr5-128957634,50,23,43,23,739
chr5-128990307,43,18,33,15,807
chr5-131534381,86,34,71,25,575
chr5-131534499,108,41,85,35,873
chr5-131553340,107,35,86,30,559
chr5-131553428,123,43,93,33,685
chr5-131720263,42,17,32,15,597
chr5-132150024,72,30,44,19,643
chr5-132150132,70,35,46,25,537
chr5-132160057,120,42,96,30,708
chr5-132273031,52,21,38,16,689
chr5-132425049,105,39,79,36,770
chr5-132433049,81,28,58,23,717
chr5-133309194,55,23,41,17,761
chr5-133873572,94,28,77,20,906
chr5-134782414,92,26,69,22,725
chr5-134782450,100,29,79,27,679
chr5-134782510,97,32,78,25,634
chr5-134782576,95,34,72,25,844
chr5-135186075,114,37,77,26,497
chr5-135389433,46,14,37,13,482
chr5-137500665,102,43,73,30,878
chr5-137507979,52,23,38,17,488
chr5-137661434,94,27,77,22,783
chr5-137664241,132,34,109,27,759
chr5-137664945,40,16,33,13,612
chr5-137726454,54,17,47,15,664
chr5-137733891,132,46,98,32,793
chr5-138208441,48,20,44,19,807
chr5-138222994,50,17,37,13,723
chr5-140056775,98,34,71,25,606
chr5-140307746,116,45,99,38,618
chr5-140309124,129,54,96,41,702
chr5-140346712,107,42,72,34,628
chr5-140347053,108,32,82,20,664
chr5-140502177,107,50,81,43,769
chr5-140529778,81,29,66,23,731
chr5-140530529,96,26,69,21,730
chr5-140532871,61,26,50,17,745
chr5-140567264,97,31,74,25,689
chr5-140567445,109,47,91,38,657
chr5-140568026,101,38,84,26,731
chr5-140569353,69,24,48,20,826
chr5-140598543,102,36,87,30,699
chr5-145252574,120,32,100,27,829
chr5-146792024,80,18,53,14,638
chr5-147286054,108,40,94,31,695
chr5-147286317,38,21,32,16,589
chr5-147449855,110,42,93,34,739
chr5-147450085,67,27,54,17,756
chr5-147475706,53,18,46,17,723
chr5-147478981,67,19,57,14,623
chr5-147813154,98,37,77,29,730
chr5-148579567,53,23,46,19,646
chr5-149301335,84,26,65,23,641
chr5-149313344,56,27,50,19,606
chr5-149374879,126,30,109,28,643
chr5-149389465,52,17,44,14,732
chr5-149398480,37,17,30,15,879
chr5-149421847,33,16,27,14,741
chr5-149511792,58,27,41,22,554
chr5-149629683,82,31,70,24,552
chr5-149678296,75,33,56,21,683
chr5-149776232,95,32,67,26,931
chr5-149784658,94,43,76,39,614
chr5-149823785,101,30,75,21,680
chr5-149826066,48,24,36,21,566
chr5-149826526,79,41,57,31,670
chr5-149826572,69,32,60,25,652
chr5-149826951,66,24,59,21,593
chr5-149827098,113,55,88,47,598
chr5-149827494,52,22,41,16,668
chr5-150429129,53,21,43,20,703
chr5-150503675,70,21,58,17,545
chr5-150505794,52,17,39,12,547
chr5-150945092,61,22,48,17,766
chr5-151771673,63,24,54,16,695
chr5-151772230,56,23,50,18,824
chr5-151775325,66,28,56,21,834
chr5-151777457,42,19,33,16,669
chr5-151777466,48,25,35,19,694
chr5-153078802,54,25,41,21,624
chr5-153078867,46,19,42,18,609
chr5-154191553,32,17,28,15,679
chr5-156589188,45,19,39,18,563
chr5-156650260,54,15,39,13,642
chr5-156816522,67,19,40,15,535
chr5-157053908,58,16,49,15,653
chr5-157107259,48,22,36,18,772
chr5-161115761,55,23,52,17,766
chr5-162939534,39,17,28,15,759
chr5-168149759,67,26,56,18,547
chr5-168175570,56,23,42,18,588
chr5-169129579,63,19,55,16,672
chr5-169138909,110,35,82,28,561
chr5-169145965,55,16,41,12,893
chr5-170140188,54,16,47,16,783
chr5-171509725,106,39,82,28,624
chr5-171510180,99,23,76,20,705
chr5-171554516,60,22,40,12,442
chr5-173039880,41,23,35,22,731
chr5-175819996,91,30,61,20,635
chr5-176000821,46,23,41,17,474
chr5-177734139,40,17,34,14,467
chr5-178565001,84,31,57,26,562
chr5-179133087,80,47,67,38,738
chr5-179663614,93,27,75,18,700
chr5-179667806,73,25,67,22,641
chr5-179991276,51,20,45,19,788
chr5-179995865,58,22,47,22,690
chr5-180030519,56,25,38,19,590
