CHROM_POS,Tumor_Allele_Frequency
chr12-498281,GGT:0.31
chr12-1219636,CT:0.0
chr12-1894776,GTTAGCAAGAGAGTCTGTGTGTCATTTGCCACT:0.0
chr12-2016811,CCTGGTGGGCGTGT:0.0
chr12-2062323,T:0.0
chr12-2656821,TTG:0.12
chr12-2997058,CT:0.27
chr12-4719169,A:0.0
chr12-4757817,CT:0.0
chr12-4768521,TTC:0.0
chr12-4790967,TA:0.0
chr12-5024303,GCC:0.0
chr12-6092687,T:0.0
chr12-6495770,TAC:0.06
chr12-6573976,CCAGG:0.0
chr12-6711144,ATCC:0.0
chr12-6840126,TTC:0.0
chr12-7069422,TG:0.07
chr12-7172843,C:0.1
chr12-7353870,CACACAT:0.0
chr12-7353928,T:0.0
chr12-7526307,A:0.03
chr12-7555794,TA:0.0
chr12-7946842,TG:0.0
chr12-7966823,CA:0.0
chr12-8807982,AT:0.05
chr12-9578922,GTCC:0.0
chr12-9590500,G:0.0
chr12-10137885,GT:0.0
chr12-10275993,AAG:0.06
chr12-10758592,AC:0.27
chr12-11182833,C:0.1
chr12-11546855,GAGA:0.04
chr12-13717796,A:0.0
chr12-13761829,CA:0.0
chr12-15652636,AAT:0.0
chr12-15776223,TA:0.29
chr12-16052767,AT:0.0
chr12-18892410,TGTGTAC:0.0
chr12-20864651,GA:0.0
chr12-21199670,GAATA:0.0
chr12-21199797,C:0.0
chr12-21201606,GTGTGTGTATA:0.0
chr12-21201888,CTA:0.0
chr12-21294195,ATTAC:0.0
chr12-21428238,AAATAAT:0.0
chr12-22004836,GC:0.0
chr12-22625135,TA:0.3
chr12-22625135,T:0.04
chr12-25232997,TG:0.0
chr12-25250159,TAAAA:0.0
chr12-25250172,T:0.06
chr12-26493620,TTC:0.0
chr12-26646976,TA:0.09
chr12-26773686,C:0.0
chr12-26774366,AT:0.0
chr12-26816832,CT:0.04
chr12-27080984,GA:0.0
chr12-27109775,CT:0.0
chr12-27179551,CTTATT:0.0
chr12-27461886,CAT:0.0
chr12-27553788,G:0.14
chr12-27803097,CCT:0.04
chr12-27915585,AT:0.0
chr12-28459652,AT:0.26
chr12-31117041,AGTGGGAGGGGCTGAGGCT:0.0
chr12-31117361,C:0.0
chr12-31248952,CT:0.11
chr12-31555177,TAGTA:0.0
chr12-31600984,CA:0.0
chr12-31820564,CT:0.23
chr12-32948969,CA:0.0
chr12-32994260,T:0.0
chr12-33578997,TCACA:0.45
chr12-40011025,CT:0.0
chr12-40631625,CAACA:0.0
chr12-40681352,T:0.0
chr12-40687698,CAT:0.0
chr12-40700105,CTT:0.0
chr12-40703087,C:0.0
chr12-40716037,TA:0.0
chr12-40820445,AC:0.0
chr12-40830599,CGT:0.04
chr12-40839601,TCTCTAAACATAAG:0.0
chr12-40928476,T:0.0
chr12-40929241,TG:0.0
chr12-40929425,TA:0.08
chr12-40954299,T:0.04
chr12-41900108,CTT:1.0
chr12-42716028,AT:0.0
chr12-43771604,C:0.0
chr12-43821335,T:0.1
chr12-46287170,TTC:0.1
chr12-46756533,TA:1.0
chr12-46760557,C:1.0
chr12-47473124,CGTTGTT:0.0
chr12-48134381,CG:1.0
chr12-48167592,AAC:0.33
chr12-48490243,AT:0.0
chr12-48738937,CT:0.14
chr12-49218810,G:0.0
chr12-49937921,A:0.61
chr12-50040811,A:1.0
chr12-50050151,AAC:0.0
chr12-50291547,AC:0.06
chr12-50356184,GT:0.19
chr12-50867692,CA:0.0
chr12-51122572,T:0.0
chr12-51392897,TA:0.09
chr12-51723598,A:0.0
chr12-51740387,ACTGGACCATATCC:0.0
chr12-51740402,CTT:0.0
chr12-51740413,G:0.0
chr12-51740414,GAC:0.0
chr12-52096440,GGTTATTTATTATCTCCAAGGTCATGGAGTAAATAGAATTAT:0.26
chr12-52139669,CT:0.15
chr12-52641619,AT:0.0
chr12-52641660,GTCATTT:0.0
chr12-52844477,G:0.0
chr12-53664308,GTTTGGGGTTGCTCCACTGCCCTCAAACAGC:0.0
chr12-53861636,TA:0.12
chr12-54402808,GCGC:0.0
chr12-54422030,CAT:0.0
chr12-55687715,TTTTA:0.0
chr12-56500502,TA:0.21
chr12-56572453,GAAAGGGTCAGAGTTTTGAACA:0.0
chr12-56811589,TGA:0.05
chr12-56915761,TTC:0.0
chr12-57038170,GA:0.0
chr12-57106158,GT:0.2
chr12-57643318,G:0.0
chr12-57704401,T:0.33
chr12-57929243,AAC:0.0
chr12-57975861,TA:0.0
chr12-58123905,A:0.45
chr12-58139253,C:0.0
chr12-62715412,CTGTAT:0.0
chr12-64055346,T:0.0
chr12-64474023,C:0.09
chr12-64679694,CA:0.13
chr12-64838767,AAT:0.08
chr12-65762700,CA:0.14
chr12-66309196,G:0.0
chr12-69042454,CT:0.19
chr12-69232879,ATAAC:0.0
chr12-69252513,G:0.0
chr12-69759551,AT:0.0
chr12-70209121,ATC:0.0
chr12-70713500,CTG:0.0
chr12-71953062,AAG:0.0
chr12-72058229,AAAGC:0.0
chr12-72163723,CT:0.29
chr12-75723265,A:0.67
chr12-76447790,TA:0.0
chr12-78513975,AAAC:0.0
chr12-80663822,AG:0.41
chr12-80927999,TA:0.09
chr12-81655692,CT:0.07
chr12-81741690,CT:0.0
chr12-83379617,TATG:0.03
chr12-89995053,TA:0.05
chr12-90015578,C:0.0
chr12-91550784,AT:0.0
chr12-93881121,C:0.0
chr12-94579945,T:0.0
chr12-94603873,AT:0.62
chr12-94644863,GGGCA:1.0
chr12-94644891,TTAC:1.0
chr12-95456708,A:0.0
chr12-95888461,AAGTT:0.0
chr12-95889232,CTT:0.0
chr12-95911789,TA:0.0
chr12-96374968,TA:0.0
chr12-96386646,G:0.39
chr12-96704958,TA:0.07
chr12-97051642,TC:0.16
chr12-97051927,GA:0.21
chr12-97102700,TTATA:0.0
chr12-97328714,TGCTTATAA:1.0
chr12-97336683,T:0.0
chr12-99020688,TGACA:0.0
chr12-99175091,AAC:0.0
chr12-99837324,CTT:0.0
chr12-100536737,C:0.43
chr12-101504999,GA:0.0
chr12-101598350,CA:0.03
chr12-101689630,AGT:0.0
chr12-101726614,A:0.0
chr12-101760737,C:0.0
chr12-101873044,G:0.05
chr12-102046303,C:0.04
chr12-102131906,TAATAA:0.0
chr12-102302446,TGGA:0.0
chr12-102505573,A:0.0
chr12-102872155,C:0.75
chr12-104071158,TTCTC:1.0
chr12-104086736,AT:0.1
chr12-104155336,C:0.0
chr12-104180972,A:0.0
chr12-104181667,AC:0.0
chr12-104340285,AT:0.06
chr12-104706729,CTG:0.0
chr12-105514483,CGT:0.0
chr12-105537734,A:0.0
chr12-105538478,AT:0.08
chr12-105541046,AT:0.0
chr12-105541201,ATG:0.0
chr12-105557665,ACTTGT:0.0
chr12-106460244,G:0.0
chr12-106500158,GT:0.0
chr12-106500160,TA:0.12
chr12-106711970,TCAA:0.0
chr12-106751910,GAGTGA:0.0
chr12-106848753,G:0.0
chr12-107103426,TAGAG:0.0
chr12-107398862,TA:0.17
chr12-108045706,CT:0.0
chr12-108913292,GA:0.06
chr12-109510086,G:0.0
chr12-109723084,GCA:0.23
chr12-109889704,A:0.0
chr12-110018064,T:0.0
chr12-110034435,T:0.0
chr12-110226754,ATC:0.12
chr12-110398747,GTTTGGAGTATCCTTTATTATAT:0.0
chr12-110720351,CT:0.11
chr12-110834321,CT:0.0
chr12-111351963,GAC:0.0
chr12-111924887,CT:0.09
chr12-112308870,CT:0.04
chr12-113345088,TGA:0.0
chr12-113539461,GCTCCAGGTATTAAAAGATCCCAAGACCCAGTTCTGCATAAGGGACCC:0.41
chr12-113771087,G:0.0
chr12-117014396,T:0.19
chr12-117448561,ATTTG:0.0
chr12-117702252,ATTTATTTTCTTTC:0.71
chr12-119589225,AAT:0.0
chr12-120150674,TA:0.05
chr12-121093621,AGTGC:0.06
chr12-121613601,G:0.0
chr12-121660524,ATTC:0.0
chr12-121678327,CT:0.57
chr12-121972098,C:0.0
chr12-122091341,C:0.0
chr12-122188507,CACACCA:0.0
chr12-122675028,AC:0.0
chr12-123071361,A:0.1
chr12-123087819,TA:0.09
chr12-123089080,C:0.0
chr12-123107165,T:0.14
chr12-123252221,GTC:0.0
chr12-123253698,AAT:0.04
chr12-123782803,ATTTCT:0.0
chr12-124144572,CT:0.07
chr12-124228200,CA:0.07
chr12-129299856,A:0.25
chr12-130832314,TG:0.0
chr12-130883554,CT:0.0
chr12-131561782,GA:0.0
chr12-132401647,G:0.14
chr12-132414712,GGGGTTTAGGTGCAGGTGCGGCCGCCGGGGAAGCGGTGGGTCCGGCT:0.25
chr12-132496389,C:0.0
chr12-132501723,CG:0.0
chr12-132540000,GGT:0.14
chr12-132685448,C:0.0
chr12-132824311,GCACTCGCCCTCACCCCATCCCCGGACGCTGCAGCCA:0.18
chr12-133197288,GA:0.0
chr12-133211245,AC:0.0
chr12-133220652,A:0.0
chr12-133234389,CAT:0.0
chr12-133304818,CT:0.0
chr12-133378244,AC:0.19
chr12-133420743,CCCAGCAACA:0.37
chr12-133435506,CCACCCACTT:0.0
chr12-133454420,GC:0.0
chr17-1558921,AT:0.17
chr17-1584377,CT:0.0
chr17-1792382,C:0.0
chr17-1933225,T:0.0
chr17-2200857,AAC:0.06
chr17-2584922,AT:0.0
chr17-2597711,TGCAGCAGGGAC:0.0
chr17-3417995,T:0.0
chr17-3418119,AGTT:0.0
chr17-3721260,TAC:0.0
chr17-3999600,T:0.07
chr17-4199933,ATCTT:0.0
chr17-4618863,G:0.0
chr17-4637586,TA:0.0
chr17-4714406,ACATTGATCTCTCTGATTTCG:0.0
chr17-4856084,TC:0.0
chr17-4996487,TTA:0.1
chr17-5035934,TG:0.06
chr17-5045630,T:0.0
chr17-5047791,C:0.14
chr17-5319508,T:0.0
chr17-5456336,A:0.0
chr17-6527874,A:0.0
chr17-6596497,AACACACAC:0.0
chr17-7077983,TCACA:0.0
chr17-7078031,AAC:0.0
chr17-7290533,CT:1.0
chr17-7290787,TG:1.0
chr17-7401335,G:1.0
chr17-7403163,AAAAC:0.0
chr17-7696854,T:0.0
chr17-7702126,GCACACCCCCACTGC:0.0
chr17-7708163,CA:0.25
chr17-8417019,TA:0.08
chr17-8731190,A:0.0
chr17-8732509,T:0.0
chr17-8732531,GAC:0.0
chr17-8732818,GAC:0.0
chr17-9503559,CT:0.06
chr17-10348705,A:0.0
chr17-10448331,A:0.0
chr17-10609585,GAT:0.05
chr17-11778577,G:0.0
chr17-11794947,ACT:0.0
chr17-14005647,C:0.0
chr17-14062999,AATT:1.0
chr17-15222535,C:1.0
chr17-15222769,T:0.0
chr17-15501703,ATGGG:0.0
chr17-15516422,GGA:0.0
chr17-16024701,CA:0.16
chr17-16097665,TA:0.07
chr17-16137244,TA:0.04
chr17-16636078,TAC:0.0
chr17-16852379,TA:0.04
chr17-17118014,CCATT:0.0
chr17-17183861,AAC:0.38
chr17-17723843,AAGG:1.0
chr17-17909193,CTG:0.0
chr17-18291397,TG:0.0
chr17-18396219,C:0.0
chr17-18827348,GTTGA:0.03
chr17-19188902,CTG:0.03
chr17-19552791,CTTTCT:0.62
chr17-20200129,CTCTG:0.0
chr17-20225135,CA:0.0
chr17-20227623,TA:1.0
chr17-20945874,GCA:0.56
chr17-21202382,TG:0.19
chr17-21320851,C:0.11
chr17-21320853,CAA:0.11
chr17-21323651,AAC:0.17
chr17-26088335,CG:0.11
chr17-26088337,GC:0.89
chr17-26904552,CCT:0.0
chr17-26926101,C:0.0
chr17-27094080,G:0.0
chr17-27576912,CA:0.0
chr17-27829588,CT:0.29
chr17-27895680,G:0.46
chr17-29192714,TG:0.21
chr17-30302736,A:0.12
chr17-30322218,TA:0.0
chr17-30687599,AT:0.11
chr17-30981702,C:0.0
chr17-31103176,C:0.0
chr17-31439097,AAG:0.06
chr17-32962472,AAATCATCTACCTAAG:0.0
chr17-32965285,C:0.12
chr17-33288433,GA:0.09
chr17-33879678,T:0.0
chr17-34090916,AAAAT:0.0
chr17-34161083,TTA:0.0
chr17-34161648,G:0.0
chr17-34416272,CAG:0.0
chr17-34416278,G:0.0
chr17-35506596,A:0.57
chr17-35581887,TTA:0.2
chr17-35825459,TA:0.13
chr17-35978526,AT:0.18
chr17-35986272,AC:0.0
chr17-35988718,TA:0.03
chr17-36065302,T:0.0
chr17-36508662,GAGC:0.0
chr17-36647321,A:0.0
chr17-36912109,TACTA:0.0
chr17-36936362,TC:0.0
chr17-37119364,AT:0.09
chr17-37334427,G:0.0
chr17-38020058,A:0.0
chr17-38062942,A:0.0
chr17-38128181,GA:0.0
chr17-38451739,TA:0.07
chr17-39121022,T:0.0
chr17-39123131,G:0.0
chr17-39138899,TTG:0.04
chr17-39138932,T:0.0
chr17-39165498,TTAAG:0.0
chr17-39262108,CTCCAGCTGCTGCCGCCCCTCTTGCTGTGAA:0.14
chr17-39619439,GC:0.0
chr17-40040422,A:0.21
chr17-40336500,GGCA:0.0
chr17-40462796,TTG:0.05
chr17-40850515,AGTGT:0.0
chr17-40986454,GGA:0.21
chr17-40993248,GT:0.0
chr17-41108009,AAC:0.06
chr17-41121205,TGGG:0.11
chr17-41226736,GGGGTT:0.0
chr17-41247122,A:0.0
chr17-41256100,AAAG:0.0
chr17-41327650,G:0.0
chr17-41348222,T:0.0
chr17-41561601,CGGAAGGA:1.0
chr17-42929594,CT:0.08
chr17-43205184,A:0.0
chr17-43228673,CA:0.04
chr17-45009023,T:0.0
chr17-45234758,G:0.09
chr17-45249512,CA:0.0
chr17-45291103,TG:0.0
chr17-45471119,TAAAA:0.0
chr17-45490611,AT:0.0
chr17-45506912,A:0.0
chr17-45677204,TG:0.12
chr17-45727928,CCCCCCT:0.0
chr17-46153028,C:0.0
chr17-46608184,G:0.0
chr17-46874362,AT:0.05
chr17-47014651,CT:0.0
chr17-47103973,CCCTT:0.18
chr17-47103981,TCCTTCCTTCCTTCCTG:0.05
chr17-48266160,CAG:0.03
chr17-48423415,AG:0.0
chr17-48445110,TC:0.55
chr17-48617903,CA:1.0
chr17-48646376,T:0.0
chr17-48737061,T:0.0
chr17-48819435,T:0.0
chr17-49124845,G:0.0
chr17-49197653,G:0.03
chr17-49272183,T:0.0
chr17-49713428,GACAT:0.03
chr17-53014232,A:0.0
chr17-53016155,CTT:0.0
chr17-53026823,TAAAAG:0.0
chr17-53041892,CTTTAACT:0.04
chr17-55016354,TA:0.3
chr17-55182811,CT:1.0
chr17-55334771,C:0.28
chr17-56393251,G:0.06
chr17-56429672,CA:0.0
chr17-56649614,AAAACAAAC:0.0
chr17-56663701,AAAC:0.0
chr17-56688511,GT:0.0
chr17-56707603,GAGGC:0.0
chr17-56833997,GCCCACGCCCGCCTCGGCC:0.0
chr17-57089576,C:0.0
chr17-57141768,TA:0.18
chr17-59857599,CA:0.06
chr17-59861978,CAGG:0.0
chr17-59974794,CT:0.09
chr17-60455184,A:0.0
chr17-61176222,GA:0.0
chr17-61562490,A:0.0
chr17-61829856,CT:0.12
chr17-61831475,A:0.0
chr17-61908067,TG:0.27
chr17-62024782,CG:0.0
chr17-62265838,TC:1.0
chr17-62589325,CT:0.06
chr17-64799754,CA:0.0
chr17-66036943,T:0.0
chr17-66041885,TA:0.33
chr17-66453572,GGCCCGGGAA:1.0
chr17-66923791,TA:0.0
chr17-67152893,CAAAT:0.0
chr17-67249539,CA:0.0
chr17-67264251,AGATATATCTTAG:0.0
chr17-67303356,CAAATA:0.0
chr17-71202099,C:0.0
chr17-72521760,GTC:0.18
chr17-72791087,A:0.0
chr17-72842694,TTTGA:0.0
chr17-72939854,AAC:0.0
chr17-73094072,TCTC:1.0
chr17-73503382,CCA:0.0
chr17-73513182,CGCCCTCCCT:0.0
chr17-73517196,T:0.0
chr17-73626933,GT:0.09
chr17-73644224,TG:0.0
chr17-73808066,AAAAAC:0.0
chr17-73820570,AAT:0.1
chr17-74536332,T:0.08
chr17-75485136,CA:0.0
chr17-75489282,C:0.0
chr17-76474771,TTATTACCATCATTACCATCACCACCAC:0.29
chr17-76474816,CCAT:0.22
chr17-76488396,ATGTCT:0.0
chr17-76495503,T:0.0
chr17-76705356,AGAGCCAGAGCCAGGGCGTGGGCC:0.0
chr17-76798548,TTTTTTC:0.0
chr17-77044218,T:0.0
chr17-77705335,A:0.0
chr17-77770173,G:0.0
chr17-78120846,C:0.2
chr17-78196742,T:1.0
chr17-78222638,GC:0.0
chr17-78919327,GCTTGCAGTGAGC:0.0
chr17-79093029,T:0.5
chr17-79093447,AGTCACGGGCCCAGGCCCCGCCTCCCATCAT:0.62
chr17-79227388,TCCA:0.0
chr17-79423971,AC:0.0
chr17-79663193,ATGCCC:0.0
chr17-79667663,GCCAGCC:0.0
chr17-80397988,TC:0.0
chr17-80403474,T:0.0
chr17-80417741,TA:0.0
chr5-206329,T:0.2
chr5-413439,TG:0.2
chr5-432897,TC:0.97
chr5-475337,TGGAAAGTTAGGGTCACCG:1.0
chr5-480387,AG:0.0
chr5-634238,T:0.0
chr5-653466,G:0.0
chr5-850071,T:0.0
chr5-871105,C:0.0
chr5-887128,A:0.0
chr5-895111,CA:0.0
chr5-911759,T:0.0
chr5-914935,C:0.0
chr5-916906,GC:0.0
chr5-1009804,C:0.0
chr5-1036606,CG:0.24
chr5-1222212,CTG:0.0
chr5-1335385,CTG:0.0
chr5-1400931,A:0.42
chr5-5186412,A:0.06
chr5-5241951,A:0.0
chr5-5319489,C:0.0
chr5-5457379,CT:0.0
chr5-6312879,C:0.0
chr5-6632324,A:0.0
chr5-6633307,TA:0.0
chr5-10415850,A:0.0
chr5-10681473,GGGCCCACCAGCGCCCCT:0.0
chr5-10748141,TC:0.0
chr5-13823658,AT:0.22
chr5-13829451,T:0.0
chr5-13830007,TTTTCAAAAGGAGGTAAAGTTACAATCCCAA:0.0
chr5-13862969,A:0.0
chr5-14390989,CT:0.07
chr5-14398902,AT:1.0
chr5-14485161,G:0.0
chr5-14507518,A:0.0
chr5-16672528,CAAG:0.0
chr5-16679926,G:0.0
chr5-19503339,A:0.0
chr5-31267934,CT:0.33
chr5-31435975,CA:0.05
chr5-32071762,GT:0.0
chr5-32364665,C:0.17
chr5-32789195,CT:0.0
chr5-32789393,TA:0.0
chr5-34042866,A:0.0
chr5-34815049,TA:0.0
chr5-34945797,CT:0.0
chr5-35047745,TG:0.0
chr5-35066374,AT:0.08
chr5-35085011,ACC:0.0
chr5-36218162,ATATT:0.0
chr5-37036420,AT:0.0
chr5-37049048,GAC:0.03
chr5-37052373,CAATG:0.0
chr5-37169769,TA:0.0
chr5-37309371,TAGA:0.0
chr5-37516824,TA:0.2
chr5-38259117,TC:0.0
chr5-38952653,TG:0.13
chr5-38990927,TGATATATGA:0.0
chr5-40747164,CT:0.0
chr5-40981768,CCTT:0.0
chr5-41019446,G:0.0
chr5-41052371,TAA:0.0
chr5-41186449,C:0.04
chr5-41840417,TG:0.0
chr5-41909830,CT:0.1
chr5-43173849,T:0.0
chr5-43292483,C:0.0
chr5-43294357,TAAGTAA:0.0
chr5-43536904,TA:0.0
chr5-50129699,CT:0.06
chr5-52189765,CT:0.18
chr5-52954468,G:0.0
chr5-55088851,AGT:0.0
chr5-55208907,TTTTTTGTTTTTG:0.0
chr5-56209043,CTTTA:0.0
chr5-56231361,TA:0.0
chr5-56242643,GA:0.0
chr5-56532690,AAAGGATTGT:0.0
chr5-56542024,TA:0.0
chr5-57754489,ACT:0.0
chr5-57755013,CA:0.18
chr5-57913884,AATT:0.0
chr5-57913935,TA:0.0
chr5-60060472,T:0.0
chr5-60170512,TA:0.06
chr5-60369154,TG:0.0
chr5-61648394,AT:0.0
chr5-61648394,A:0.04
chr5-61763287,TATA:0.0
chr5-63510560,CTT:0.0
chr5-64084746,CT:0.06
chr5-64099941,T:0.0
chr5-64766558,AATT:0.0
chr5-64907242,G:0.12
chr5-65075714,T:0.0
chr5-68396902,A:0.07
chr5-68464357,TA:0.0
chr5-68662287,T:0.08
chr5-70248108,C:0.0
chr5-70400310,GTACTT:0.09
chr5-71533660,AT:0.0
chr5-71752610,C:0.0
chr5-72201039,T:0.0
chr5-72330331,T:0.0
chr5-72865103,A:0.0
chr5-73090272,ATATAAAGGTAATGAATGACTC:0.46
chr5-73153407,CACACAT:0.0
chr5-73980963,GC:0.0
chr5-74022105,CAGAG:0.0
chr5-74072339,G:0.0
chr5-74097344,GCA:0.0
chr5-74097839,AGTG:0.0
chr5-74651576,GA:0.2
chr5-74707128,T:0.67
chr5-76249632,AG:0.0
chr5-76326944,T:0.0
chr5-76759297,AT:0.0
chr5-78325495,TA:0.0
chr5-78378958,TA:0.03
chr5-78918877,A:0.0
chr5-78964887,A:0.0
chr5-78981369,TAACTG:0.0
chr5-79374607,AT:0.0
chr5-79933653,T:1.0
chr5-80088461,CAG:0.0
chr5-81283694,TCAGGCTAA:0.0
chr5-81283704,G:0.0
chr5-82361225,AT:0.0
chr5-82407385,TCAATCAA:0.0
chr5-82843711,T:1.0
chr5-82940957,G:0.6
chr5-86690032,CTTTAA:0.0
chr5-86704952,TA:0.0
chr5-87494728,AT:0.0
chr5-87536472,C:0.06
chr5-89920694,T:0.58
chr5-89989042,T:0.75
chr5-90671036,AAAC:0.04
chr5-93739671,GATTCTT:0.0
chr5-94206957,CT:0.18
chr5-94288731,TGGA:0.0
chr5-94353240,T:0.41
chr5-94842718,TA:0.07
chr5-96111801,C:0.0
chr5-96112463,CTTTTG:0.0
chr5-96117624,G:0.0
chr5-96119522,TACACACACACACAC:0.0
chr5-96236894,TTTTG:0.0
chr5-98205326,G:0.0
chr5-100238917,TTTC:0.0
chr5-101595792,GTA:0.0
chr5-101749115,TA:0.0
chr5-101795773,C:0.0
chr5-102286120,G:0.06
chr5-102296593,A:0.0
chr5-102309524,C:0.0
chr5-102342896,TAC:0.1
chr5-102345722,A:0.0
chr5-102432772,GACT:0.0
chr5-108679656,AG:0.0
chr5-109760364,CA:0.0
chr5-111530024,AAC:0.05
chr5-111611160,TATA:0.0
chr5-111643430,CTTCT:0.0
chr5-112238300,GA:0.0
chr5-112328170,CT:0.06
chr5-112339398,GA:0.0
chr5-112478549,GGATGCTCGTCTCTAA:0.0
chr5-112824033,T:0.1
chr5-115167595,CT:0.0
chr5-115470089,GA:0.0
chr5-115814055,AAC:0.06
chr5-118830006,CCTTT:0.0
chr5-118867261,G:0.0
chr5-118877529,TA:0.2
chr5-118877933,T:0.0
chr5-121362852,TA:0.03
chr5-122152520,A:0.05
chr5-122734724,TA:0.12
chr5-123973360,T:0.0
chr5-125759524,A:0.0
chr5-125809072,TA:0.06
chr5-125929000,AAC:0.14
chr5-125967927,C:0.0
chr5-126883336,CAGAGT:0.0
chr5-127507316,A:0.48
chr5-127744556,A:0.03
chr5-129020193,C:0.0
chr5-129519645,AT:0.0
chr5-130840782,CT:0.18
chr5-131553428,T:0.0
chr5-131598746,ATTTG:0.0
chr5-131714344,A:0.0
chr5-131821642,CCCTACTTCCTTCCTCA:1.0
chr5-131927550,AT:0.0
chr5-131974177,AC:0.0
chr5-132089825,C:0.0
chr5-132209164,ATCAC:0.0
chr5-132267850,A:0.0
chr5-132362336,A:0.0
chr5-132428470,GA:0.0
chr5-136602435,C:0.0
chr5-137013350,CA:0.0
chr5-137464887,AT:0.0
chr5-137847090,CAT:0.12
chr5-138253220,TTTTA:0.0
chr5-140232470,AT:0.06
chr5-140233585,CA:0.0
chr5-140803317,T:0.14
chr5-140812775,CT:0.0
chr5-142273690,TTTGA:0.0
chr5-145435519,TA:0.0
chr5-145650963,CA:0.14
chr5-146752674,AT:0.0
chr5-146753173,T:0.0
chr5-147445108,TCACACA:0.0
chr5-147480676,T:0.0
chr5-147504305,C:0.0
chr5-147793666,CT:0.08
chr5-148207659,AC:0.05
chr5-149263975,G:0.0
chr5-149374879,CT:0.0
chr5-149441016,AC:0.0
chr5-149497107,GCACA:0.04
chr5-149601932,C:0.0
chr5-149631014,G:0.0
chr5-149826951,G:0.0
chr5-150102362,AT:0.0
chr5-150503435,TGAGG:0.0
chr5-150512589,G:0.0
chr5-150567049,CA:0.0
chr5-150909138,AT:0.0
chr5-151043016,CTA:0.0
chr5-153677361,T:1.0
chr5-156184457,G:0.0
chr5-156185086,A:0.0
chr5-156525920,AAG:0.0
chr5-156760313,TTC:0.0
chr5-158596441,TAAAG:0.0
chr5-159841492,TA:0.09
chr5-160063452,CTG:0.0
chr5-162884097,AAC:0.0
chr5-167841879,ACT:0.0
chr5-167841889,AC:0.0
chr5-169020337,CT:0.15
chr5-170343720,GC:0.12
chr5-170345407,T:0.38
chr5-170818964,G:0.25
chr5-170833472,AAT:0.0
chr5-171520972,AAT:0.05
chr5-171534682,T:0.0
chr5-172114301,TGA:0.0
chr5-173043709,TG:0.0
chr5-174949652,C:0.0
chr5-175823607,TAG:0.03
chr5-175934026,G:0.0
chr5-176018619,ATGG:0.0
chr5-176019429,ATGG:0.0
chr5-177035488,G:0.25
chr5-177162132,AC:0.0
chr5-177462771,GGA:0.38
chr5-177676986,GCA:0.07
chr5-178978098,AC:0.0
chr5-179155907,CT:0.11
chr5-179264316,A:0.0
chr5-179665269,C:0.05
chr5-179980661,CT:0.0
chr5-180018812,A:0.27
chr5-180045700,G:0.0
chr5-180047739,C:0.0
chr5-180049923,G:0.05
