Strelka_Normal_0.3_Read_Depth,Strelka_Tumor_0.3_Read_Depth,VarScan_Normal_0.3_Read_Depth,VarScan_Tumor_0.3_Read_Depth
72,26,46,18
46,22,38,19
73,28,50,20
98,30,69,24
125,48,97,38
94,42,80,35
58,26,50,22
114,40,81,27
40,23,26,14
73,23,46,13
116,48,94,46
36,15,28,14
107,43,92,38
85,24,52,12
40,19,39,17
96,39,67,28
72,30,58,25
87,40,67,27
88,33,57,20
100,38,74,26
47,18,41,15
85,27,66,25
104,45,77,29
27,20,24,19
74,30,49,18
113,48,97,38
61,15,49,13
113,41,97,34
56,30,42,27
61,21,46,18
69,32,53,29
71,24,48,21
42,21,33,16
54,28,43,19
84,34,71,29
100,35,80,27
91,36,68,29
79,31,61,18
79,32,65,26
50,18,46,14
106,42,93,33
117,30,93,27
71,31,58,21
51,21,45,14
41,15,29,12
93,34,64,18
43,17,27,14
93,34,67,23
89,32,78,25
65,19,44,14
52,22,42,16
65,26,53,21
75,29,68,27
72,27,51,23
60,15,50,14
103,45,87,38
98,32,83,27
79,24,62,20
43,21,37,19
51,19,41,14
47,15,39,13
59,24,52,18
53,22,47,22
123,38,104,32
96,29,77,25
52,16,45,15
61,31,54,28
81,21,61,19
77,20,65,16
117,44,92,32
76,26,66,19
78,26,65,22
107,45,90,36
61,21,52,19
54,16,42,14
37,23,28,21
109,35,82,28
38,15,29,12
32,19,28,18
47,16,43,16
47,17,34,12
108,40,89,29
91,35,80,27
67,19,54,16
42,20,37,16
58,22,48,21
54,34,40,28
125,59,105,52
59,27,51,23
45,14,38,13
103,42,79,27
79,29,68,22
90,38,61,31
53,24,49,21
45,28,41,21
45,29,41,24
52,20,43,17
46,27,31,15
54,16,44,14
49,18,35,16
101,37,68,24
85,35,69,28
113,29,87,20
61,26,53,23
60,27,52,27
104,39,83,32
52,20,36,18
98,16,84,13
71,23,57,19
78,28,51,22
70,28,53,24
101,37,89,31
47,16,41,14
94,30,72,25
109,27,93,24
40,16,30,13
61,25,51,19
61,34,33,19
46,19,42,15
69,17,54,16
111,41,93,31
52,19,48,18
92,21,64,16
108,32,88,26
51,25,32,21
106,27,84,22
105,37,77,26
65,24,53,19
56,20,38,12
96,29,70,21
103,32,75,22
68,19,52,15
132,36,108,30
43,16,30,12
31,17,25,13
85,25,71,20
56,19,47,17
101,36,80,28
59,24,35,13
71,39,52,26
44,20,37,20
83,25,50,15
91,29,69,25
53,23,40,17
49,16,43,13
55,29,43,20
79,26,62,23
91,26,77,20
81,29,63,27
92,30,70,24
63,22,55,21
113,35,81,22
46,24,39,22
36,22,31,19
78,46,63,39
77,30,68,24
55,26,46,24
46,17,40,15
68,27,53,22
56,19,48,18
93,30,81,22
65,21,51,17
46,20,37,18
43,16,33,11
52,17,43,13
102,35,89,31
45,19,33,16
100,39,88,34
103,29,84,27
72,30,54,24
50,19,41,19
50,23,40,21
58,27,36,17
59,31,49,27
39,20,34,16
41,16,34,12
37,17,28,12
36,16,27,14
43,16,32,10
51,19,37,15
74,34,63,24
112,45,87,35
91,27,76,22
47,17,40,16
84,27,61,22
38,23,27,15
53,18,44,12
39,19,32,16
40,17,34,14
26,14,23,12
32,16,30,13
51,22,35,13
68,23,50,14
82,33,71,26
86,45,72,36
37,22,30,20
38,17,32,16
70,32,54,20
52,29,43,28
67,28,45,22
46,21,35,15
20,14,18,14
61,27,52,21
45,14,33,11
55,26,45,23
43,20,35,12
87,43,69,35
42,17,31,14
48,15,44,13
103,32,92,28
35,15,26,14
73,30,54,26
111,31,87,25
80,26,66,18
57,24,49,24
44,23,36,19
124,41,103,32
98,29,81,22
45,15,33,12
67,19,59,17
69,28,51,22
44,19,39,12
98,39,71,25
105,48,86,35
45,16,33,14
66,22,44,20
38,23,34,21
36,20,30,15
45,18,38,16
38,21,32,20
46,22,37,18
82,25,68,23
61,26,43,21
45,17,32,12
41,17,33,14
51,29,48,21
60,18,52,14
68,29,51,25
35,16,29,13
29,14,19,13
50,18,39,14
28,19,26,16
68,35,54,25
53,24,39,21
53,20,38,11
62,20,47,18
68,19,58,14
119,40,80,27
50,22,40,16
30,17,24,15
35,18,31,15
57,20,48,19
51,38,42,24
70,30,52,23
63,19,46,14
102,34,83,26
68,28,42,16
24,15,20,11
52,20,32,11
70,24,55,17
55,26,45,23
53,27,39,20
52,25,37,18
49,18,38,16
83,26,49,14
104,26,82,22
109,26,74,17
58,27,44,26
102,39,73,29
77,26,56,20
97,26,73,21
49,24,25,20
43,20,31,17
61,29,51,22
66,25,42,16
64,21,45,15
59,30,49,25
38,22,30,18
64,22,53,18
39,17,33,15
31,18,27,16
57,17,47,14
83,42,68,32
84,28,50,13
115,47,87,36
112,37,78,32
58,20,41,17
89,35,57,25
35,19,24,15
52,16,41,13
100,44,69,35
26,21,20,16
26,19,19,16
100,30,83,24
49,20,36,13
70,14,46,9
72,26,51,22
53,14,46,13
79,33,68,29
54,14,46,14
48,20,44,16
58,14,45,13
102,36,82,30
77,29,65,24
88,25,62,18
34,16,28,13
23,15,18,14
74,28,62,19
48,21,39,18
58,29,36,21
61,30,44,21
63,35,49,27
111,35,92,29
98,29,73,24
74,26,59,20
66,23,48,18
103,28,77,20
107,41,89,39
103,32,74,24
90,38,73,27
98,26,75,17
113,28,85,23
94,37,70,25
95,37,74,32
31,16,27,15
54,18,35,12
85,27,58,20
40,17,35,15
84,23,64,16
50,19,40,15
115,46,78,38
113,45,100,32
49,27,38,19
36,17,29,16
86,28,66,16
86,31,73,20
119,41,101,35
123,32,96,28
94,21,67,16
112,33,85,23
66,30,50,21
107,28,88,20
102,38,92,34
99,47,83,40
35,18,30,16
65,18,56,15
69,19,59,17
63,19,46,15
58,19,51,18
72,27,39,13
55,20,48,18
56,34,45,24
66,32,47,22
41,14,38,13
110,46,88,39
63,23,47,14
86,38,67,32
103,40,73,32
35,20,22,17
116,41,99,34
115,39,88,23
97,34,65,28
84,32,72,28
40,15,23,14
111,35,90,23
102,41,78,34
35,23,28,18
84,26,56,20
81,23,66,19
82,25,58,21
53,22,44,22
97,23,79,22
62,19,44,16
60,23,41,15
39,26,35,26
92,48,62,33
87,41,60,22
74,25,57,21
66,30,43,21
62,30,45,24
60,38,44,23
139,45,117,36
71,18,56,13
98,27,70,22
63,17,53,14
60,22,43,18
63,15,51,15
121,37,101,30
61,20,52,17
38,19,25,15
86,17,62,10
43,19,33,13
51,20,45,20
20,14,17,12
85,30,74,27
62,19,47,17
69,21,56,19
48,20,35,17
53,16,41,12
87,34,66,23
41,16,29,14
59,24,53,23
71,29,35,16
123,43,97,36
83,33,56,28
66,35,53,30
97,44,82,32
122,39,97,30
91,40,71,37
105,42,68,30
117,37,91,31
98,30,62,26
102,28,80,21
53,19,44,16
40,18,28,14
54,22,35,17
54,20,45,17
102,25,75,23
41,21,33,17
49,19,39,18
57,18,39,14
51,14,40,13
42,25,34,20
99,45,80,37
50,21,36,16
44,27,33,20
53,25,41,20
49,24,39,19
85,32,66,23
86,27,65,19
40,16,37,15
75,22,63,19
57,22,50,19
49,20,45,16
41,24,25,22
47,21,34,17
98,39,70,29
55,20,40,19
75,26,61,25
63,24,52,18
59,23,49,15
53,21,34,12
75,21,60,17
49,17,40,15
61,23,48,17
102,38,82,34
95,41,69,35
64,31,49,21
103,37,77,27
30,15,23,13
90,31,60,26
81,29,67,29
107,33,90,28
126,34,104,24
46,16,37,15
49,17,47,16
103,31,86,29
107,36,91,26
59,19,41,10
41,16,27,14
23,14,19,13
74,18,63,16
114,34,93,29
96,38,71,27
101,42,91,38
67,26,58,19
110,48,91,42
121,36,104,30
43,20,37,15
48,22,38,19
46,23,37,19
48,23,40,16
81,27,62,22
79,24,58,14
78,31,55,24
79,30,65,19
39,16,34,12
42,17,32,14
45,17,41,16
103,36,79,26
77,23,61,17
48,21,38,18
39,18,33,12
53,26,31,15
46,21,41,16
48,17,31,13
59,17,47,17
39,17,28,15
37,19,34,17
69,26,54,17
52,20,40,15
87,28,76,20
115,32,94,29
62,26,44,19
78,26,52,15
52,19,40,14
72,30,53,22
53,20,41,20
72,30,55,21
34,19,27,17
80,28,50,18
91,24,73,18
52,29,40,21
44,22,36,19
49,20,38,19
40,22,37,17
45,19,34,14
63,15,52,13
43,16,36,14
105,25,86,17
92,23,66,14
100,36,82,29
107,40,78,28
111,38,81,23
127,33,103,26
62,22,40,13
60,36,52,27
47,28,38,21
88,26,54,18
74,21,56,17
37,15,31,11
87,32,72,28
53,17,34,14
76,41,57,34
87,26,52,20
68,16,60,12
54,23,36,15
112,27,92,24
68,24,42,20
71,33,54,29
59,28,33,14
61,34,38,22
71,23,54,17
74,24,52,17
42,16,39,13
70,26,63,23
66,16,48,13
44,24,38,21
48,18,37,15
62,23,44,19
66,21,57,17
54,20,43,18
118,44,79,34
87,34,71,21
105,40,89,32
107,44,97,38
49,18,26,11
56,21,38,15
42,18,31,16
43,21,36,20
35,18,34,17
71,22,54,20
89,34,75,25
77,27,58,23
49,18,34,14
66,21,50,15
51,22,38,15
59,24,43,15
69,24,47,17
78,37,66,36
64,19,50,16
53,21,46,17
102,41,81,40
52,20,40,19
96,33,78,27
45,20,42,17
97,38,78,34
45,21,38,20
54,31,34,17
61,24,41,20
47,18,33,15
44,19,34,15
59,26,50,25
51,21,39,18
83,32,64,24
63,25,52,20
36,17,34,18
107,34,83,29
62,20,55,15
38,14,27,12
48,19,39,19
77,31,50,28
64,28,42,22
39,19,33,16
115,49,94,39
52,16,44,15
35,17,31,14
59,18,39,16
36,17,23,15
79,30,58,22
71,32,55,31
68,33,55,26
63,22,57,21
88,42,70,34
43,20,35,19
64,23,46,18
62,20,52,11
30,20,21,18
50,15,39,11
36,21,29,16
80,31,64,27
64,22,55,18
60,22,51,20
40,23,35,19
56,15,51,13
41,22,32,15
86,48,67,34
56,21,43,17
65,28,55,19
42,18,38,16
58,16,50,16
71,20,48,19
109,42,74,32
118,52,86,41
39,21,33,19
86,35,72,27
38,19,36,16
50,15,42,13
42,16,36,15
66,27,45,20
98,38,77,26
83,23,55,15
89,30,69,21
41,17,33,15
37,19,27,11
31,18,26,14
40,23,37,18
51,17,35,14
48,18,37,14
93,37,64,28
23,14,16,12
104,39,87,31
82,26,65,22
82,27,60,22
37,17,33,17
94,32,73,27
101,33,83,31
59,32,53,25
72,26,56,24
76,29,59,24
109,31,83,24
68,22,53,17
38,18,31,11
39,20,34,16
118,31,96,27
109,37,94,34
126,31,99,28
57,25,45,25
46,14,38,14
103,42,82,35
108,47,83,40
73,20,66,17
65,17,52,13
65,19,47,14
62,19,47,15
95,32,83,29
40,18,33,16
59,22,49,22
77,27,64,21
50,18,37,14
57,17,44,14
107,42,64,25
59,25,46,20
94,30,72,23
64,22,49,18
96,33,80,27
113,30,94,25
98,37,75,29
73,24,53,14
81,39,73,38
81,30,63,18
45,15,33,12
65,21,45,18
54,21,42,16
63,24,47,18
69,41,49,33
51,24,32,19
31,16,24,15
96,40,66,30
47,22,37,20
48,16,38,13
122,45,91,36
64,22,52,21
50,30,28,24
55,28,40,23
94,24,79,19
59,26,45,24
53,28,47,26
116,36,91,30
89,24,66,19
65,24,47,18
67,17,52,15
109,23,72,19
58,24,41,18
63,21,47,17
90,25,60,14
59,25,40,19
99,45,71,39
44,21,38,17
67,24,50,19
62,18,56,16
75,29,48,16
58,24,36,18
47,18,37,14
58,22,37,17
52,28,38,15
83,37,71,27
126,39,98,26
61,20,41,17
91,28,65,25
81,28,52,23
59,17,41,13
67,28,51,16
44,20,31,16
43,25,40,24
69,25,46,20
54,24,44,19
46,24,40,20
44,23,31,20
95,43,60,28
53,29,40,18
59,35,42,26
67,30,48,22
58,26,44,18
42,22,33,18
48,21,40,19
85,28,64,19
46,21,39,11
27,15,22,13
37,16,27,10
63,25,48,18
105,25,71,20
107,34,66,26
101,39,72,30
51,29,44,18
118,61,88,50
105,35,75,30
56,29,44,23
52,23,41,20
107,33,80,27
24,16,22,16
75,31,60,28
80,21,61,18
80,23,63,17
34,18,29,16
78,33,60,23
66,18,51,12
58,15,47,12
78,31,67,25
39,17,35,14
95,44,75,34
106,38,79,30
91,27,71,23
48,19,36,17
30,16,27,14
84,26,66,24
42,25,37,23
122,39,99,33
56,22,50,13
62,32,46,27
109,35,89,28
99,33,82,27
74,26,54,17
49,25,41,17
62,23,47,16
76,22,61,15
50,20,43,16
49,20,34,16
37,16,33,12
105,34,94,30
82,34,73,24
116,39,95,33
59,22,49,18
60,23,47,18
57,25,47,21
66,28,43,18
117,50,104,40
108,40,89,30
127,41,106,34
110,38,90,31
133,35,112,27
104,36,93,33
92,29,76,23
117,45,98,31
42,24,28,16
116,28,90,22
111,38,86,27
81,46,65,40
48,18,38,17
114,38,85,28
40,14,32,11
77,27,60,18
87,38,69,31
49,14,41,11
50,17,44,17
50,25,41,23
51,14,46,14
53,17,46,18
97,39,77,34
34,17,34,15
65,16,55,14
66,20,55,16
96,28,75,20
134,36,108,26
40,15,30,13
97,34,76,28
56,20,44,18
99,36,84,25
119,32,104,29
133,45,116,34
134,43,101,33
87,32,78,27
112,45,93,39
65,46,54,39
67,19,47,15
110,38,86,32
58,21,49,19
62,27,52,19
47,22,40,20
67,22,46,15
83,29,55,25
51,19,44,18
57,18,49,16
54,26,46,21
52,24,43,22
56,25,42,17
47,19,42,17
103,46,70,37
67,26,46,13
87,32,67,28
47,21,36,17
110,32,93,25
44,28,31,25
32,20,24,16
33,20,28,18
44,14,40,13
88,30,65,18
57,30,42,20
43,21,31,16
75,28,56,21
77,30,60,24
89,31,67,25
76,24,62,21
56,22,47,20
51,20,42,17
58,18,44,15
35,21,29,18
49,19,38,15
112,36,93,25
125,51,94,39
120,45,101,37
110,33,83,28
113,36,91,30
59,23,46,20
58,18,47,12
107,30,87,30
84,29,64,21
70,27,64,24
59,22,51,14
83,46,75,42
33,15,25,14
51,25,38,21
94,53,76,42
23,18,18,17
64,25,42,22
37,25,29,22
56,27,46,19
116,50,95,45
59,24,48,20
61,19,55,19
58,23,41,19
46,17,35,11
56,19,48,16
37,15,35,13
44,18,34,17
41,20,36,19
72,26,52,18
133,42,107,35
50,21,34,18
53,21,46,16
80,27,56,18
68,17,59,15
38,16,29,14
43,18,34,14
60,31,43,27
109,33,90,28
35,17,23,14
97,39,80,28
59,14,49,14
89,41,81,33
50,23,38,16
122,48,76,30
82,27,61,21
79,29,56,26
121,37,107,34
104,33,83,26
50,17,42,15
91,49,74,37
89,22,63,18
56,25,44,21
113,34,93,28
113,41,91,37
62,23,46,18
81,31,64,20
41,14,35,13
64,22,48,16
98,42,86,36
52,25,40,22
53,19,42,15
102,44,88,34
34,18,28,15
28,16,23,15
89,31,61,23
45,18,39,15
93,41,79,32
48,20,40,17
42,17,29,11
38,17,36,16
59,18,53,16
135,43,112,33
52,28,44,27
50,23,43,23
43,18,33,15
86,34,71,25
108,41,85,35
107,35,86,30
123,43,93,33
42,17,32,15
72,30,44,19
70,35,46,25
120,42,96,30
52,21,38,16
105,39,79,36
81,28,58,23
55,23,41,17
94,28,77,20
92,26,69,22
100,29,79,27
97,32,78,25
95,34,72,25
114,37,77,26
46,14,37,13
102,43,73,30
52,23,38,17
94,27,77,22
132,34,109,27
40,16,33,13
54,17,47,15
132,46,98,32
48,20,44,19
50,17,37,13
98,34,71,25
116,45,99,38
129,54,96,41
107,42,72,34
108,32,82,20
107,50,81,43
81,29,66,23
96,26,69,21
61,26,50,17
97,31,74,25
109,47,91,38
101,38,84,26
69,24,48,20
102,36,87,30
120,32,100,27
80,18,53,14
108,40,94,31
38,21,32,16
110,42,93,34
67,27,54,17
53,18,46,17
67,19,57,14
98,37,77,29
53,23,46,19
84,26,65,23
56,27,50,19
126,30,109,28
52,17,44,14
37,17,30,15
33,16,27,14
58,27,41,22
82,31,70,24
75,33,56,21
95,32,67,26
94,43,76,39
101,30,75,21
48,24,36,21
79,41,57,31
69,32,60,25
66,24,59,21
113,55,88,47
52,22,41,16
53,21,43,20
70,21,58,17
52,17,39,12
61,22,48,17
63,24,54,16
56,23,50,18
66,28,56,21
42,19,33,16
48,25,35,19
54,25,41,21
46,19,42,18
32,17,28,15
45,19,39,18
54,15,39,13
67,19,40,15
58,16,49,15
48,22,36,18
55,23,52,17
39,17,28,15
67,26,56,18
56,23,42,18
63,19,55,16
110,35,82,28
55,16,41,12
54,16,47,16
106,39,82,28
99,23,76,20
60,22,40,12
41,23,35,22
91,30,61,20
46,23,41,17
40,17,34,14
84,31,57,26
80,47,67,38
93,27,75,18
73,25,67,22
51,20,45,19
58,22,47,22
56,25,38,19
