CHROM_POS,Strelka_Normal,Strelka_Tumor,VarScan,Truth_Data
chr12-335803,G:0.26,G:0.0,G:0.75,G:0.5
chr12-475579,A:0.24,A:0.0,A:0.75,A:0.5
chr12-1895372,G:0.23,G:0.0,G:0.75,G:0.5
chr12-1902766,T:0.4,T:0.0,T:0.75,T:0.5
chr12-1919543,C:0.3,C:0.0,C:0.75,C:0.5
chr12-2058245,T:0.33,T:0.0,T:0.75,T:0.5
chr12-2058695,G:0.29,G:0.0,G:0.75,G:0.5
chr12-2107036,T:0.03,T:0.06,T:0.75,T:0.5
chr12-2113147,T:0.31,T:0.0,T:0.75,T:0.5
chr12-2113348,A:0.39,A:0.0,A:0.75,A:0.5
chr12-2614070,G:0.24,G:0.0,G:0.75,G:0.5
chr12-3147631,C:0.38,C:0.0,C:0.75,C:0.5
chr12-3310335,C:0.0,C:0.0,C:0.75,C:0.5
chr12-4853457,G:0.2,G:0.0,G:0.75,G:0.5
chr12-5603632,G:0.32,G:0.0,G:0.75,G:0.5
chr12-5860179,T:0.13,T:0.0,T:0.75,T:0.5
chr12-6554470,C:0.22,C:0.0,C:0.75,C:0.5
chr12-6649540,A:0.0,A:0.0,A:0.75,A:0.5
chr12-6909442,T:0.22,T:0.0,T:0.75,T:0.5
chr12-7309869,C:0.26,C:0.0,C:0.75,C:0.5
chr12-7457217,C:0.35,C:0.0,C:0.75,C:0.5
chr12-7463241,A:0.0,A:0.04,A:0.75,A:0.5
chr12-7519485,T:0.22,T:0.0,T:0.75,T:0.5
chr12-7807138,G:0.28,G:0.04,G:0.75,G:0.5
chr12-8245239,C:0.27,C:0.0,C:0.75,C:0.5
chr12-8277960,C:0.33,C:0.0,C:0.75,C:0.5
chr12-8278181,A:0.33,A:0.0,A:0.75,A:0.5
chr12-8998182,G:0.13,G:0.0,G:0.75,G:0.5
chr12-9161411,C:0.19,C:0.0,C:0.75,C:0.5
chr12-9251613,G:0.24,G:0.0,G:0.75,G:0.5
chr12-9313304,A:0.21,A:0.0,A:0.75,A:0.5
chr12-10124533,T:0.22,T:0.0,T:0.75,T:0.5
chr12-10338868,C:0.17,C:0.0,C:0.75,C:0.5
chr12-10854451,A:0.0,A:0.03,A:0.75,A:0.5
chr12-10854625,G:0.29,G:0.0,G:0.75,G:0.5
chr12-10854763,G:0.36,G:0.0,G:0.75,G:0.5
chr12-10875488,T:0.26,T:0.03,T:0.75,T:0.5
chr12-12278468,A:0.31,A:0.0,A:0.75,A:0.5
chr12-12279361,G:0.26,G:0.0,G:0.75,G:0.5
chr12-12483275,G:0.39,G:0.0,G:0.75,G:0.5
chr12-12483713,A:0.33,A:0.0,A:0.75,A:0.5
chr12-13765015,A:0.0,A:0.0,A:0.75,A:0.5
chr12-14923522,T:0.25,T:0.0,T:0.75,T:0.5
chr12-14927994,T:0.01,T:0.06,T:0.75,T:0.5
chr12-15091627,T:0.29,T:0.0,T:0.75,T:0.5
chr12-15095558,C:0.02,C:0.03,C:0.75,C:0.5
chr12-15095707,T:0.02,T:0.03,T:0.75,T:0.5
chr12-15100684,C:0.02,C:0.05,C:0.75,C:0.5
chr12-18473690,C:0.24,C:0.0,C:0.75,C:0.5
chr12-18473729,T:0.2,T:0.0,T:0.75,T:0.5
chr12-18848131,T:0.13,T:0.0,T:0.75,T:0.5
chr12-21015906,C:0.21,C:0.0,C:0.75,C:0.5
chr12-21171896,G:0.25,G:0.0,G:0.75,G:0.5
chr12-21331549,T:0.24,T:0.0,T:0.75,T:0.5
chr12-21526443,C:0.27,C:0.0,C:0.75,C:0.5
chr12-21526472,A:0.27,A:0.0,A:0.75,A:0.5
chr12-21998012,C:0.17,C:0.0,C:0.75,C:0.5
chr12-21998145,C:0.24,C:0.0,C:0.75,C:0.5
chr12-22637968,G:0.22,G:0.0,G:0.75,G:0.5
chr12-22666531,T:0.25,T:0.0,T:0.75,T:0.5
chr12-24970708,G:0.35,G:0.0,G:0.75,G:0.5
chr12-24985653,G:0.0,G:0.03,G:0.75,G:0.5
chr12-24994923,A:0.27,A:0.0,A:0.75,A:0.5
chr12-25031748,T:0.22,T:0.0,T:0.75,T:0.5
chr12-25307571,C:0.02,C:0.03,C:0.75,C:0.5
chr12-26568551,C:0.0,C:0.05,C:0.75,C:0.5
chr12-26591898,T:0.0,T:0.0,T:0.75,T:0.5
chr12-26592288,G:0.36,G:0.0,G:0.75,G:0.5
chr12-26596344,A:0.0,A:0.04,A:0.75,A:0.5
chr12-26596348,T:0.33,T:0.0,T:0.75,T:0.5
chr12-26648092,C:0.33,C:0.0,C:0.75,C:0.5
chr12-27468506,A:0.31,A:0.0,A:0.75,A:0.5
chr12-27555335,G:0.24,G:0.0,G:0.75,G:0.5
chr12-27825168,A:0.19,A:0.0,A:0.75,A:0.5
chr12-29598373,T:0.29,T:0.0,T:0.75,T:0.5
chr12-29618423,T:0.29,T:0.0,T:0.75,T:0.5
chr12-29628309,T:0.31,T:0.0,T:0.75,T:0.5
chr12-31612905,G:0.2,G:0.0,G:0.75,G:0.5
chr12-32458281,C:0.28,C:0.0,C:0.75,C:0.5
chr12-32945721,G:0.31,G:0.02,G:0.75,G:0.5
chr12-32945769,G:0.0,G:0.03,G:0.75,G:0.5
chr12-32945835,G:0.3,G:0.0,G:0.75,G:0.5
chr12-39064824,T:0.2,T:0.0,T:0.75,T:0.5
chr12-40345255,T:0.19,T:0.0,T:0.75,T:0.5
chr12-40631791,T:0.29,T:0.0,T:0.75,T:0.5
chr12-40643468,C:0.14,C:0.04,C:0.75,C:0.5
chr12-40697477,C:0.4,C:0.0,C:0.75,C:0.5
chr12-40702987,G:0.23,G:0.0,G:0.75,G:0.5
chr12-40708892,T:0.36,T:0.0,T:0.75,T:0.5
chr12-40713834,C:0.37,C:0.0,C:0.75,C:0.5
chr12-40714188,G:0.25,G:0.0,G:0.75,G:0.5
chr12-40714266,T:0.23,T:0.0,T:0.75,T:0.5
chr12-40714267,G:0.25,G:0.0,G:0.75,G:0.5
chr12-40714618,C:0.35,C:0.05,C:0.75,C:0.5
chr12-40716015,C:0.32,C:0.0,C:0.75,C:0.5
chr12-40722452,A:0.26,A:0.0,A:0.75,A:0.5
chr12-40757533,A:0.27,A:0.0,A:0.75,A:0.5
chr12-40758652,T:0.38,T:0.0,T:0.75,T:0.5
chr12-40761007,A:0.37,A:0.0,A:0.75,A:0.5
chr12-40787385,C:0.0,C:0.03,C:0.75,C:0.5
chr12-40820927,T:0.17,T:0.0,T:0.75,T:0.5
chr12-40841605,T:0.37,T:0.0,T:0.75,T:0.5
chr12-40925479,C:0.23,C:0.0,C:0.75,C:0.5
chr12-40937363,C:0.17,C:0.0,C:0.75,C:0.5
chr12-40963139,G:0.3,G:0.0,G:0.75,G:0.5
chr12-40963310,T:0.22,T:0.0,T:0.75,T:0.5
chr12-42717811,A:0.02,A:0.04,A:0.75,A:0.5
chr12-42836270,A:0.24,A:0.0,A:0.75,A:0.5
chr12-43769718,A:0.32,A:0.0,A:0.75,A:0.5
chr12-43819697,A:0.28,A:0.0,A:0.75,A:0.5
chr12-43833296,T:0.31,T:0.0,T:0.75,T:0.5
chr12-43846272,C:0.29,C:0.0,C:0.75,C:0.5
chr12-43883994,G:0.32,G:0.0,G:0.75,G:0.5
chr12-43926132,C:0.0,C:0.04,C:0.75,C:0.5
chr12-45444238,T:0.02,T:0.1,T:0.75,T:0.5
chr12-46600617,C:0.0,C:0.0,C:0.75,C:0.5
chr12-46600754,G:0.39,G:0.0,G:0.75,G:0.5
chr12-47162211,C:0.33,C:0.0,C:0.75,C:0.5
chr12-47174089,T:0.46,T:0.0,T:0.75,T:0.5
chr12-48081539,C:0.23,C:0.0,C:0.75,C:0.5
chr12-48104746,G:0.33,G:0.0,G:0.75,G:0.5
chr12-48106488,G:0.13,G:0.0,G:0.75,G:0.5
chr12-48110608,A:0.0,A:0.04,A:0.75,A:0.5
chr12-48238757,A:0.3,A:0.0,A:0.75,A:0.5
chr12-48239835,C:0.27,C:0.0,C:0.75,C:0.5
chr12-48249259,C:0.37,C:0.0,C:0.75,C:0.5
chr12-48375568,A:0.23,A:0.0,A:0.75,A:0.5
chr12-48379961,A:0.24,A:0.0,A:0.75,A:0.5
chr12-48527715,C:0.17,C:0.0,C:0.75,C:0.5
chr12-49239103,G:0.32,G:0.0,G:0.75,G:0.5
chr12-50473120,C:0.28,C:0.0,C:0.75,C:0.5
chr12-51682159,G:0.0,G:0.04,G:0.75,G:0.5
chr12-51722633,G:0.34,G:0.0,G:0.75,G:0.5
chr12-51723727,A:0.24,A:0.0,A:0.75,A:0.5
chr12-51739471,T:0.26,T:0.0,T:0.75,T:0.5
chr12-52452260,G:0.23,G:0.0,G:0.75,G:0.5
chr12-52966899,A:0.23,A:0.0,A:0.75,A:0.5
chr12-52985166,G:0.24,G:0.0,G:0.75,G:0.5
chr12-52992523,G:0.3,G:0.0,G:0.75,G:0.5
chr12-53003328,G:0.25,G:0.0,G:0.75,G:0.5
chr12-53008053,C:0.24,C:0.0,C:0.75,C:0.5
chr12-53070688,G:0.13,G:0.0,G:0.75,G:0.5
chr12-53166192,G:0.37,G:0.04,G:0.75,G:0.5
chr12-53294747,C:0.12,C:0.0,C:0.75,C:0.5
chr12-53449735,T:0.31,T:0.0,T:0.75,T:0.5
chr12-53936868,T:0.19,T:0.0,T:0.75,T:0.5
chr12-54394497,C:0.0,C:0.03,C:0.75,C:0.5
chr12-54685880,C:0.2,C:0.0,C:0.75,C:0.5
chr12-54791496,C:0.17,C:0.0,C:0.75,C:0.5
chr12-54977925,T:0.31,T:0.02,T:0.75,T:0.5
chr12-54978225,T:0.32,T:0.0,T:0.75,T:0.5
chr12-55689194,T:0.2,T:0.0,T:0.75,T:0.5
chr12-55862762,A:0.31,A:0.0,A:0.75,A:0.5
chr12-56077418,C:0.27,C:0.0,C:0.75,C:0.5
chr12-56115883,T:0.21,T:0.0,T:0.75,T:0.5
chr12-56384804,G:0.14,G:0.04,G:0.75,G:0.5
chr12-56480648,G:0.16,G:0.0,G:0.75,G:0.5
chr12-57036023,G:0.27,G:0.0,G:0.75,G:0.5
chr12-62654503,C:0.37,C:0.0,C:0.75,C:0.5
chr12-62708958,G:0.29,G:0.0,G:0.75,G:0.5
chr12-62748862,A:0.43,A:0.0,A:0.75,A:0.5
chr12-62777565,G:0.24,G:0.0,G:0.75,G:0.5
chr12-62797926,G:0.29,G:0.0,G:0.75,G:0.5
chr12-62895074,G:0.2,G:0.0,G:0.75,G:0.5
chr12-62902550,T:0.22,T:0.0,T:0.75,T:0.5
chr12-62964975,A:0.34,A:0.0,A:0.75,A:0.5
chr12-69103438,G:0.0,G:0.0,G:0.75,G:0.5
chr12-69145653,A:0.2,A:0.0,A:0.75,A:0.5
chr12-69963871,C:0.21,C:0.05,C:0.75,C:0.5
chr12-69986574,G:0.28,G:0.0,G:0.75,G:0.5
chr12-70078684,T:0.26,T:0.0,T:0.75,T:0.5
chr12-70959910,T:0.21,T:0.0,T:0.75,T:0.5
chr12-71898193,T:0.38,T:0.0,T:0.75,T:0.5
chr12-71898220,T:0.34,T:0.0,T:0.75,T:0.5
chr12-71898287,G:0.02,G:0.0,G:0.75,G:0.5
chr12-71898358,T:0.33,T:0.0,T:0.75,T:0.5
chr12-71918078,T:0.41,T:0.04,T:0.75,T:0.5
chr12-71953082,A:0.2,A:0.0,A:0.75,A:0.5
chr12-72091025,T:0.13,T:0.0,T:0.75,T:0.5
chr12-72167569,C:0.26,C:0.04,C:0.75,C:0.5
chr12-75437203,T:0.37,T:0.0,T:0.75,T:0.5
chr12-75437253,A:0.44,A:0.0,A:0.75,A:0.5
chr12-75807143,A:0.32,A:0.0,A:0.75,A:0.5
chr12-78573706,A:0.31,A:0.0,A:0.75,A:0.5
chr12-79689489,C:0.47,C:0.0,C:0.75,C:0.5
chr12-80746886,C:0.0,C:0.05,C:0.75,C:0.5
chr12-83289468,C:0.0,C:0.05,C:0.75,C:0.5
chr12-85277421,T:0.23,T:0.0,T:0.75,T:0.5
chr12-85492094,C:0.02,C:0.05,C:0.75,C:0.5
chr12-85532010,G:0.19,G:0.0,G:0.75,G:0.5
chr12-85545729,A:0.31,A:0.0,A:0.75,A:0.5
chr12-85554331,C:0.0,C:0.07,C:0.75,C:0.5
chr12-93210335,G:0.0,G:0.03,G:0.75,G:0.5
chr12-93894823,G:0.0,G:0.0,G:0.75,G:0.5
chr12-94580465,C:0.2,C:0.0,C:0.75,C:0.5
chr12-94614302,G:0.25,G:0.0,G:0.75,G:0.5
chr12-95396906,C:0.2,C:0.0,C:0.75,C:0.5
chr12-95397644,G:0.23,G:0.0,G:0.75,G:0.5
chr12-96052721,G:0.17,G:0.0,G:0.75,G:0.5
chr12-96252619,G:0.29,G:0.0,G:0.75,G:0.5
chr12-97079041,C:0.22,C:0.02,C:0.75,C:0.5
chr12-97082439,G:0.38,G:0.0,G:0.75,G:0.5
chr12-97084626,T:0.34,T:0.0,T:0.75,T:0.5
chr12-97085107,A:0.3,A:0.0,A:0.75,A:0.5
chr12-97087269,A:0.23,A:0.0,A:0.75,A:0.5
chr12-97098549,T:0.42,T:0.0,T:0.75,T:0.5
chr12-97102578,G:0.0,G:0.03,G:0.75,G:0.5
chr12-97102820,G:0.36,G:0.0,G:0.75,G:0.5
chr12-97135903,C:0.0,C:0.0,C:0.75,C:0.5
chr12-97136239,G:0.28,G:0.0,G:0.75,G:0.5
chr12-97314001,A:0.39,A:0.0,A:0.75,A:0.5
chr12-97344858,C:0.3,C:0.0,C:0.75,C:0.5
chr12-99019469,T:0.29,T:0.0,T:0.75,T:0.5
chr12-99105793,C:0.49,C:0.0,C:0.75,C:0.5
chr12-99129497,G:0.35,G:0.0,G:0.75,G:0.5
chr12-99166805,G:0.32,G:0.0,G:0.75,G:0.5
chr12-99175649,G:0.34,G:0.0,G:0.75,G:0.5
chr12-100048657,G:0.23,G:0.0,G:0.75,G:0.5
chr12-100049213,A:0.17,A:0.0,A:0.75,A:0.5
chr12-101473243,T:0.21,T:0.0,T:0.75,T:0.5
chr12-101551386,C:0.29,C:0.0,C:0.75,C:0.5
chr12-101728547,A:0.19,A:0.0,A:0.75,A:0.5
chr12-101763324,G:0.23,G:0.0,G:0.75,G:0.5
chr12-102010815,T:0.15,T:0.0,T:0.75,T:0.5
chr12-102054812,C:0.0,C:0.04,C:0.75,C:0.5
chr12-102064384,A:0.43,A:0.0,A:0.75,A:0.5
chr12-102064397,T:0.36,T:0.0,T:0.75,T:0.5
chr12-102070871,A:0.18,A:0.0,A:0.75,A:0.5
chr12-102120363,C:0.22,C:0.0,C:0.75,C:0.5
chr12-102183938,C:0.16,C:0.03,C:0.75,C:0.5
chr12-104123543,A:0.29,A:0.0,A:0.75,A:0.5
chr12-104152456,A:0.25,A:0.0,A:0.75,A:0.5
chr12-104182359,T:0.24,T:0.0,T:0.75,T:0.5
chr12-104186655,C:0.0,C:0.0,C:0.75,C:0.5
chr12-104186795,A:0.2,A:0.0,A:0.75,A:0.5
chr12-104683024,A:0.17,A:0.0,A:0.75,A:0.5
chr12-105444055,G:0.24,G:0.0,G:0.75,G:0.5
chr12-105597680,C:0.24,C:0.0,C:0.75,C:0.5
chr12-106831283,G:0.23,G:0.0,G:0.75,G:0.5
chr12-108035805,T:0.25,T:0.0,T:0.75,T:0.5
chr12-108036259,T:0.31,T:0.0,T:0.75,T:0.5
chr12-109894396,T:0.24,T:0.0,T:0.75,T:0.5
chr12-112844996,A:0.24,A:0.0,A:0.75,A:0.5
chr12-112915232,C:0.23,C:0.0,C:0.75,C:0.5
chr12-113770841,T:0.0,T:0.03,T:0.75,T:0.5
chr12-113836203,G:0.0,G:0.03,G:0.75,G:0.5
chr12-114362838,T:0.3,T:0.0,T:0.75,T:0.5
chr12-114793260,T:0.37,T:0.0,T:0.75,T:0.5
chr12-117013730,G:0.25,G:0.0,G:0.75,G:0.5
chr12-117593216,C:0.42,C:0.0,C:0.75,C:0.5
chr12-117593391,A:0.28,A:0.0,A:0.75,A:0.5
chr12-117603161,T:0.24,T:0.0,T:0.75,T:0.5
chr12-117610040,C:0.13,C:0.0,C:0.75,C:0.5
chr12-117611859,C:0.15,C:0.0,C:0.75,C:0.5
chr12-117612735,G:0.22,G:0.0,G:0.75,G:0.5
chr12-117660873,C:0.21,C:0.0,C:0.75,C:0.5
chr12-119419603,G:0.28,G:0.0,G:0.75,G:0.5
chr12-120959924,C:0.25,C:0.0,C:0.75,C:0.5
chr12-121175984,T:0.34,T:0.04,T:0.75,T:0.5
chr12-121205604,T:0.2,T:0.0,T:0.75,T:0.5
chr12-121442385,A:0.23,A:0.0,A:0.75,A:0.5
chr12-121615369,T:0.37,T:0.0,T:0.75,T:0.5
chr12-121622023,C:0.0,C:0.04,C:0.75,C:0.5
chr12-121660461,C:0.16,C:0.0,C:0.75,C:0.5
chr12-122079734,C:0.27,C:0.0,C:0.75,C:0.5
chr12-122692820,T:0.29,T:0.0,T:0.75,T:0.5
chr12-122762604,T:0.3,T:0.0,T:0.75,T:0.5
chr12-123414349,T:0.21,T:0.0,T:0.75,T:0.5
chr12-123794557,C:0.19,C:0.0,C:0.75,C:0.5
chr12-123800376,A:0.27,A:0.0,A:0.75,A:0.5
chr12-123812763,C:0.23,C:0.0,C:0.75,C:0.5
chr12-123969017,C:0.33,C:0.0,C:0.75,C:0.5
chr12-124218797,A:0.17,A:0.0,A:0.75,A:0.5
chr12-124219910,T:0.24,T:0.0,T:0.75,T:0.5
chr12-124319864,T:0.39,T:0.02,T:0.75,T:0.5
chr12-124839867,A:0.3,A:0.0,A:0.75,A:0.5
chr12-124950652,T:0.0,T:0.02,T:0.75,T:0.5
chr12-125432618,G:0.22,G:0.0,G:0.75,G:0.5
chr12-125432920,T:0.2,T:0.0,T:0.75,T:0.5
chr12-125438616,A:0.3,A:0.03,A:0.75,A:0.5
chr12-125444594,C:0.33,C:0.0,C:0.75,C:0.5
chr12-125445124,G:0.26,G:0.0,G:0.75,G:0.5
chr12-125450416,G:0.3,G:0.0,G:0.75,G:0.5
chr12-125450671,C:0.38,C:0.0,C:0.75,C:0.5
chr12-125450698,C:0.42,C:0.0,C:0.75,C:0.5
chr12-129293644,G:0.35,G:0.0,G:0.75,G:0.5
chr12-129432149,A:0.0,A:0.05,A:0.75,A:0.5
chr12-129694345,C:0.31,C:0.0,C:0.75,C:0.5
chr12-130832492,G:0.0,G:0.04,G:0.75,G:0.5
chr12-130834725,G:0.29,G:0.0,G:0.75,G:0.5
chr12-131280714,T:0.35,T:0.0,T:0.75,T:0.5
chr12-131297238,A:0.4,A:0.0,A:0.75,A:0.5
chr12-132513097,T:0.3,T:0.0,T:0.75,T:0.5
chr12-132516856,C:0.25,C:0.0,C:0.75,C:0.5
chr12-133201947,T:0.0,T:0.0,T:0.75,T:0.5
chr12-133202004,C:0.29,C:0.0,C:0.75,C:0.5
chr12-133209593,T:0.36,T:0.0,T:0.75,T:0.5
chr12-133209653,C:0.32,C:0.0,C:0.75,C:0.5
chr12-133212692,T:0.36,T:0.04,T:0.75,T:0.5
chr12-133212737,C:0.32,C:0.0,C:0.75,C:0.5
chr12-133214441,C:0.25,C:0.0,C:0.75,C:0.5
chr12-133214517,G:0.26,G:0.0,G:0.75,G:0.5
chr12-133214522,G:0.3,G:0.0,G:0.75,G:0.5
chr12-133218724,C:0.01,C:0.06,C:0.75,C:0.5
chr12-133220321,T:0.28,T:0.0,T:0.75,T:0.5
chr12-133220670,G:0.28,G:0.0,G:0.75,G:0.5
chr12-133225446,G:0.34,G:0.0,G:0.75,G:0.5
chr12-133240782,A:0.3,A:0.0,A:0.75,A:0.5
chr12-133249017,G:0.28,G:0.0,G:0.75,G:0.5
chr12-133249139,T:0.02,T:0.04,T:0.75,T:0.5
chr12-133250118,C:0.32,C:0.0,C:0.75,C:0.5
chr12-133252556,T:0.34,T:0.0,T:0.75,T:0.5
chr17-131709,A:0.32,A:0.0,A:0.75,A:0.5
chr17-706563,G:0.26,G:0.0,G:0.75,G:0.5
chr17-708015,T:0.35,T:0.0,T:0.75,T:0.5
chr17-708223,G:0.0,G:0.04,G:0.75,G:0.5
chr17-725869,A:0.38,A:0.0,A:0.75,A:0.5
chr17-1370720,C:0.31,C:0.0,C:0.75,C:0.5
chr17-1411848,A:0.3,A:0.0,A:0.75,A:0.5
chr17-1419853,C:0.29,C:0.0,C:0.75,C:0.5
chr17-1424948,A:0.32,A:0.0,A:0.75,A:0.5
chr17-1486851,G:0.18,G:0.0,G:0.75,G:0.5
chr17-1518030,G:0.3,G:0.0,G:0.75,G:0.5
chr17-1519775,G:0.0,G:0.0,G:0.75,G:0.5
chr17-1704398,C:0.25,C:0.0,C:0.75,C:0.5
chr17-2595964,G:0.32,G:0.0,G:0.75,G:0.5
chr17-3181384,C:0.29,C:0.0,C:0.75,C:0.5
chr17-3182309,G:0.28,G:0.0,G:0.75,G:0.5
chr17-3195503,C:0.32,C:0.0,C:0.75,C:0.5
chr17-3213448,T:0.36,T:0.0,T:0.75,T:0.5
chr17-3214181,T:0.01,T:0.0,T:0.75,T:0.5
chr17-3301549,G:0.27,G:0.0,G:0.75,G:0.5
chr17-3343519,T:0.26,T:0.0,T:0.75,T:0.5
chr17-3346130,T:0.34,T:0.0,T:0.75,T:0.5
chr17-3366226,T:0.28,T:0.0,T:0.75,T:0.5
chr17-3379842,T:0.26,T:0.0,T:0.75,T:0.5
chr17-3385249,A:0.27,A:0.0,A:0.75,A:0.5
chr17-3386558,T:0.27,T:0.0,T:0.75,T:0.5
chr17-3469853,A:0.2,A:0.0,A:0.75,A:0.5
chr17-3568401,G:0.3,G:0.0,G:0.75,G:0.5
chr17-3599044,C:0.3,C:0.0,C:0.75,C:0.5
chr17-3599662,C:0.3,C:0.0,C:0.75,C:0.5
chr17-3626816,G:0.33,G:0.0,G:0.75,G:0.5
chr17-3635489,G:0.28,G:0.0,G:0.75,G:0.5
chr17-3638344,G:0.33,G:0.0,G:0.75,G:0.5
chr17-3649214,G:0.28,G:0.0,G:0.75,G:0.5
chr17-3653959,A:0.41,A:0.0,A:0.75,A:0.5
chr17-3657159,C:0.33,C:0.0,C:0.75,C:0.5
chr17-3657175,T:0.31,T:0.0,T:0.75,T:0.5
chr17-3660750,G:0.37,G:0.0,G:0.75,G:0.5
chr17-3660864,G:0.0,G:0.03,G:0.75,G:0.5
chr17-3663977,G:0.42,G:0.0,G:0.75,G:0.5
chr17-3664975,A:0.35,A:0.0,A:0.75,A:0.5
chr17-3665116,A:0.29,A:0.0,A:0.75,A:0.5
chr17-3665600,C:0.24,C:0.0,C:0.75,C:0.5
chr17-3717896,A:0.33,A:0.0,A:0.75,A:0.5
chr17-3728903,T:0.0,T:0.04,T:0.75,T:0.5
chr17-3776867,C:0.32,C:0.0,C:0.75,C:0.5
chr17-3856353,G:0.12,G:0.0,G:0.75,G:0.5
chr17-4389267,A:0.17,A:0.0,A:0.75,A:0.5
chr17-4488414,C:0.27,C:0.0,C:0.75,C:0.5
chr17-4534608,G:0.21,G:0.0,G:0.75,G:0.5
chr17-4576620,C:0.05,C:0.04,C:0.75,C:0.5
chr17-4620897,A:0.0,A:0.03,A:0.75,A:0.5
chr17-4870893,G:0.16,G:0.0,G:0.75,G:0.5
chr17-4877120,G:0.34,G:0.0,G:0.75,G:0.5
chr17-4877358,G:0.2,G:0.0,G:0.75,G:0.5
chr17-4883818,C:0.31,C:0.03,C:0.75,C:0.5
chr17-4893357,G:0.3,G:0.0,G:0.75,G:0.5
chr17-4924333,A:0.35,A:0.0,A:0.75,A:0.5
chr17-4937982,T:0.36,T:0.0,T:0.75,T:0.5
chr17-5087723,A:0.27,A:0.0,A:0.75,A:0.5
chr17-5124877,C:0.4,C:0.0,C:0.75,C:0.5
chr17-5486800,G:0.32,G:0.0,G:0.75,G:0.5
chr17-5487164,C:0.36,C:0.0,C:0.75,C:0.5
chr17-6020999,G:0.23,G:0.0,G:0.75,G:0.5
chr17-6350525,G:0.22,G:0.0,G:0.75,G:0.5
chr17-6371738,A:0.26,A:0.0,A:0.75,A:0.5
chr17-6373244,G:0.29,G:0.0,G:0.75,G:0.5
chr17-6376356,C:0.47,C:0.0,C:0.75,C:0.5
chr17-6377399,T:0.5,T:0.0,T:0.75,T:0.5
chr17-6387482,G:0.3,G:0.0,G:0.75,G:0.5
chr17-6441164,T:0.03,T:0.06,T:0.75,T:0.5
chr17-6441207,C:0.22,C:0.0,C:0.75,C:0.5
chr17-6589350,A:0.3,A:0.0,A:0.75,A:0.5
chr17-6589883,T:0.44,T:0.0,T:0.75,T:0.5
chr17-6591098,A:0.35,A:0.03,A:0.75,A:0.5
chr17-6604708,T:0.26,T:0.0,T:0.75,T:0.5
chr17-6982444,A:0.23,A:0.0,A:0.75,A:0.5
chr17-7080069,A:0.04,A:0.04,A:0.75,A:0.5
chr17-7246940,T:0.3,T:0.0,T:0.75,T:0.5
chr17-7251159,C:0.24,C:0.0,C:0.75,C:0.5
chr17-7252148,G:0.2,G:0.0,G:0.75,G:0.5
chr17-7258481,C:0.32,C:0.0,C:0.75,C:0.5
chr17-7346302,T:0.3,T:0.0,T:0.75,T:0.5
chr17-7350050,C:0.34,C:0.0,C:0.75,C:0.5
chr17-7350544,G:0.3,G:0.0,G:0.75,G:0.5
chr17-7357864,C:0.33,C:0.03,C:0.75,C:0.5
chr17-7358520,C:0.29,C:0.0,C:0.75,C:0.5
chr17-7358861,T:0.0,T:0.07,T:0.75,T:0.5
chr17-7402985,G:0.22,G:0.0,G:0.75,G:0.5
chr17-7403792,C:0.3,C:0.0,C:0.75,C:0.5
chr17-7407327,A:0.24,A:0.0,A:0.75,A:0.5
chr17-7411360,G:0.3,G:0.0,G:0.75,G:0.5
chr17-7536460,G:0.3,G:0.0,G:0.75,G:0.5
chr17-7536943,C:0.32,C:0.0,C:0.75,C:0.5
chr17-7689217,T:0.18,T:0.0,T:0.75,T:0.5
chr17-7949750,A:0.26,A:0.06,A:0.75,A:0.5
chr17-7989047,G:0.35,G:0.0,G:0.75,G:0.5
chr17-7990437,G:0.22,G:0.0,G:0.75,G:0.5
chr17-7999957,G:0.24,G:0.0,G:0.75,G:0.5
chr17-8639090,T:0.0,T:0.05,T:0.75,T:0.5
chr17-8656959,C:0.22,C:0.0,C:0.75,C:0.5
chr17-8656990,A:0.26,A:0.0,A:0.75,A:0.5
chr17-9511769,C:0.3,C:0.0,C:0.75,C:0.5
chr17-9538649,G:0.35,G:0.0,G:0.75,G:0.5
chr17-9545226,G:0.36,G:0.0,G:0.75,G:0.5
chr17-9569665,G:0.32,G:0.0,G:0.75,G:0.5
chr17-9590319,T:0.37,T:0.0,T:0.75,T:0.5
chr17-9590356,T:0.37,T:0.0,T:0.75,T:0.5
chr17-9590409,T:0.27,T:0.05,T:0.75,T:0.5
chr17-9674543,C:0.17,C:0.0,C:0.75,C:0.5
chr17-9801730,C:0.28,C:0.0,C:0.75,C:0.5
chr17-9804473,C:0.37,C:0.0,C:0.75,C:0.5
chr17-9820831,C:0.26,C:0.0,C:0.75,C:0.5
chr17-9820883,C:0.3,C:0.0,C:0.75,C:0.5
chr17-10249087,G:0.34,G:0.0,G:0.75,G:0.5
chr17-10314375,G:0.35,G:0.0,G:0.75,G:0.5
chr17-10314395,C:0.0,C:0.05,C:0.75,C:0.5
chr17-10315556,G:0.35,G:0.0,G:0.75,G:0.5
chr17-10316275,C:0.39,C:0.0,C:0.75,C:0.5
chr17-10317125,G:0.4,G:0.0,G:0.75,G:0.5
chr17-10317831,A:0.25,A:0.0,A:0.75,A:0.5
chr17-10317842,A:0.26,A:0.0,A:0.75,A:0.5
chr17-10317940,A:0.3,A:0.0,A:0.75,A:0.5
chr17-10319148,A:0.25,A:0.0,A:0.75,A:0.5
chr17-10323020,C:0.44,C:0.0,C:0.75,C:0.5
chr17-10354974,T:0.38,T:0.0,T:0.75,T:0.5
chr17-10355371,C:0.42,C:0.0,C:0.75,C:0.5
chr17-10356816,C:0.35,C:0.0,C:0.75,C:0.5
chr17-10360407,C:0.33,C:0.0,C:0.75,C:0.5
chr17-10367323,T:0.31,T:0.0,T:0.75,T:0.5
chr17-10399897,A:0.29,A:0.0,A:0.75,A:0.5
chr17-10404118,A:0.01,A:0.03,A:0.75,A:0.5
chr17-10411397,G:0.28,G:0.0,G:0.75,G:0.5
chr17-10412480,T:0.24,T:0.0,T:0.75,T:0.5
chr17-10414796,G:0.33,G:0.0,G:0.75,G:0.5
chr17-10417867,G:0.39,G:0.0,G:0.75,G:0.5
chr17-10418275,T:0.27,T:0.0,T:0.75,T:0.5
chr17-10427924,G:0.3,G:0.0,G:0.75,G:0.5
chr17-10434925,T:0.29,T:0.0,T:0.75,T:0.5
chr17-10440231,C:0.39,C:0.0,C:0.75,C:0.5
chr17-10442977,T:0.35,T:0.0,T:0.75,T:0.5
chr17-10446508,T:0.36,T:0.0,T:0.75,T:0.5
chr17-11536310,T:0.28,T:0.0,T:0.75,T:0.5
chr17-11548364,G:0.15,G:0.0,G:0.75,G:0.5
chr17-11556473,G:0.12,G:0.0,G:0.75,G:0.5
chr17-11826893,G:0.23,G:0.0,G:0.75,G:0.5
chr17-11827353,T:0.31,T:0.0,T:0.75,T:0.5
chr17-11840528,A:0.3,A:0.04,A:0.75,A:0.5
chr17-11886864,T:0.33,T:0.0,T:0.75,T:0.5
chr17-15206970,G:0.23,G:0.0,G:0.75,G:0.5
chr17-16893155,A:0.32,A:0.0,A:0.75,A:0.5
chr17-16893180,G:0.28,G:0.0,G:0.75,G:0.5
chr17-17062241,C:0.32,C:0.0,C:0.75,C:0.5
chr17-17120204,T:0.41,T:0.0,T:0.75,T:0.5
chr17-17120668,G:0.33,G:0.0,G:0.75,G:0.5
chr17-17125595,A:0.32,A:0.0,A:0.75,A:0.5
chr17-17165136,C:0.3,C:0.0,C:0.75,C:0.5
chr17-17184745,C:0.03,C:0.05,C:0.75,C:0.5
chr17-17716531,A:0.29,A:0.0,A:0.75,A:0.5
chr17-17907352,C:0.21,C:0.0,C:0.75,C:0.5
chr17-17996948,A:0.24,A:0.0,A:0.75,A:0.5
chr17-19216811,G:0.28,G:0.0,G:0.75,G:0.5
chr17-19437187,T:0.33,T:0.04,T:0.75,T:0.5
chr17-19445923,A:0.36,A:0.0,A:0.75,A:0.5
chr17-19555725,A:0.35,A:0.0,A:0.75,A:0.5
chr17-19559623,G:0.39,G:0.0,G:0.75,G:0.5
chr17-19616245,A:0.0,A:0.04,A:0.75,A:0.5
chr17-19617393,G:0.25,G:0.0,G:0.75,G:0.5
chr17-19619441,G:0.33,G:0.0,G:0.75,G:0.5
chr17-19619998,G:0.3,G:0.0,G:0.75,G:0.5
chr17-19644133,T:0.2,T:0.0,T:0.75,T:0.5
chr17-21081320,C:0.25,C:0.0,C:0.75,C:0.5
chr17-25912828,A:0.19,A:0.0,A:0.75,A:0.5
chr17-26888725,G:0.25,G:0.0,G:0.75,G:0.5
chr17-27043559,T:0.17,T:0.0,T:0.75,T:0.5
chr17-27290751,G:0.26,G:0.0,G:0.75,G:0.5
chr17-27296508,G:0.23,G:0.0,G:0.75,G:0.5
chr17-27409738,A:0.27,A:0.0,A:0.75,A:0.5
chr17-27412997,T:0.42,T:0.0,T:0.75,T:0.5
chr17-27413231,G:0.5,G:0.0,G:0.75,G:0.5
chr17-27413403,T:0.36,T:0.04,T:0.75,T:0.5
chr17-27416860,T:0.26,T:0.0,T:0.75,T:0.5
chr17-27417337,G:0.28,G:0.03,G:0.75,G:0.5
chr17-27419695,G:0.28,G:0.0,G:0.75,G:0.5
chr17-27424163,A:0.26,A:0.03,A:0.75,A:0.5
chr17-27425793,A:0.32,A:0.0,A:0.75,A:0.5
chr17-27426153,G:0.35,G:0.0,G:0.75,G:0.5
chr17-27426411,G:0.34,G:0.03,G:0.75,G:0.5
chr17-27576019,G:0.18,G:0.0,G:0.75,G:0.5
chr17-28120887,C:0.42,C:0.0,C:0.75,C:0.5
chr17-29283603,C:0.39,C:0.0,C:0.75,C:0.5
chr17-29509946,C:0.43,C:0.0,C:0.75,C:0.5
chr17-30321293,C:0.0,C:0.03,C:0.75,C:0.5
chr17-32683289,A:0.26,A:0.0,A:0.75,A:0.5
chr17-32908217,G:0.26,G:0.0,G:0.75,G:0.5
chr17-32956955,T:0.03,T:0.04,T:0.75,T:0.5
chr17-33951228,A:0.36,A:0.0,A:0.75,A:0.5
chr17-34061989,A:0.14,A:0.0,A:0.75,A:0.5
chr17-35936594,T:0.0,T:0.04,T:0.75,T:0.5
chr17-36493750,T:0.13,T:0.0,T:0.75,T:0.5
chr17-36865267,C:0.21,C:0.0,C:0.75,C:0.5
chr17-36896746,T:0.0,T:0.08,T:0.75,T:0.5
chr17-37334426,A:0.02,A:0.03,A:0.75,A:0.5
chr17-37417575,C:0.23,C:0.0,C:0.75,C:0.5
chr17-37789998,T:0.31,T:0.0,T:0.75,T:0.5
chr17-37810218,C:0.26,C:0.0,C:0.75,C:0.5
chr17-38027400,A:0.24,A:0.0,A:0.75,A:0.5
chr17-38063381,C:0.28,C:0.0,C:0.75,C:0.5
chr17-38175462,C:0.2,C:0.0,C:0.75,C:0.5
chr17-38182229,G:0.2,G:0.0,G:0.75,G:0.5
chr17-38641412,C:0.0,C:0.04,C:0.75,C:0.5
chr17-38938222,T:0.26,T:0.0,T:0.75,T:0.5
chr17-38948438,G:0.39,G:0.0,G:0.75,G:0.5
chr17-38953540,A:0.3,A:0.0,A:0.75,A:0.5
chr17-38954687,C:0.02,C:0.06,C:0.75,C:0.5
chr17-38954903,C:0.37,C:0.0,C:0.75,C:0.5
chr17-38976998,G:0.32,G:0.0,G:0.75,G:0.5
chr17-39020926,T:0.29,T:0.0,T:0.75,T:0.5
chr17-39033467,T:0.27,T:0.0,T:0.75,T:0.5
chr17-39122422,A:0.24,A:0.0,A:0.75,A:0.5
chr17-39123417,C:0.19,C:0.0,C:0.75,C:0.5
chr17-39137725,C:0.21,C:0.0,C:0.75,C:0.5
chr17-39138436,A:0.25,A:0.0,A:0.75,A:0.5
chr17-39138477,G:0.0,G:0.03,G:0.75,G:0.5
chr17-39619435,G:0.12,G:0.0,G:0.75,G:0.5
chr17-39984746,G:0.21,G:0.0,G:0.75,G:0.5
chr17-41216205,G:0.25,G:0.0,G:0.75,G:0.5
chr17-41248164,C:0.18,C:0.0,C:0.75,C:0.5
chr17-41362272,C:0.0,C:0.05,C:0.75,C:0.5
chr17-41364910,A:0.22,A:0.0,A:0.75,A:0.5
chr17-41606711,G:0.32,G:0.0,G:0.75,G:0.5
chr17-41847415,T:0.17,T:0.0,T:0.75,T:0.5
chr17-41902799,G:0.21,G:0.0,G:0.75,G:0.5
chr17-42337091,C:0.23,C:0.0,C:0.75,C:0.5
chr17-45017645,T:0.31,T:0.0,T:0.75,T:0.5
chr17-45297004,C:0.33,C:0.0,C:0.75,C:0.5
chr17-45380002,T:0.34,T:0.0,T:0.75,T:0.5
chr17-45438417,A:0.32,A:0.0,A:0.75,A:0.5
chr17-45885441,T:0.0,T:0.04,T:0.75,T:0.5
chr17-46055036,G:0.0,G:0.04,G:0.75,G:0.5
chr17-46970509,G:0.43,G:0.0,G:0.75,G:0.5
chr17-47004090,G:0.0,G:0.06,G:0.75,G:0.5
chr17-47018069,G:0.28,G:0.0,G:0.75,G:0.5
chr17-47036042,C:0.32,C:0.03,C:0.75,C:0.5
chr17-47218899,A:0.29,A:0.0,A:0.75,A:0.5
chr17-47782008,G:0.2,G:0.0,G:0.75,G:0.5
chr17-48431032,G:0.37,G:0.0,G:0.75,G:0.5
chr17-48447125,A:0.34,A:0.0,A:0.75,A:0.5
chr17-48465806,G:0.25,G:0.0,G:0.75,G:0.5
chr17-48469538,G:0.24,G:0.0,G:0.75,G:0.5
chr17-48474501,G:0.0,G:0.0,G:0.75,G:0.5
chr17-48649758,C:0.17,C:0.0,C:0.75,C:0.5
chr17-48737011,A:0.18,A:0.0,A:0.75,A:0.5
chr17-48823815,C:0.36,C:0.0,C:0.75,C:0.5
chr17-49057541,C:0.33,C:0.0,C:0.75,C:0.5
chr17-49084927,C:0.26,C:0.0,C:0.75,C:0.5
chr17-49237562,C:0.28,C:0.0,C:0.75,C:0.5
chr17-52991636,G:0.3,G:0.0,G:0.75,G:0.5
chr17-53007655,T:0.4,T:0.0,T:0.75,T:0.5
chr17-53038430,A:0.23,A:0.0,A:0.75,A:0.5
chr17-53041857,A:0.32,A:0.0,A:0.75,A:0.5
chr17-53063743,C:0.03,C:0.0,C:0.75,C:0.5
chr17-55187654,C:0.0,C:0.0,C:0.75,C:0.5
chr17-55196543,G:0.23,G:0.0,G:0.75,G:0.5
chr17-55708812,A:0.33,A:0.0,A:0.75,A:0.5
chr17-55709380,A:0.34,A:0.0,A:0.75,A:0.5
chr17-55754573,G:0.38,G:0.0,G:0.75,G:0.5
chr17-56341733,C:0.23,C:0.0,C:0.75,C:0.5
chr17-56436211,T:0.23,T:0.0,T:0.75,T:0.5
chr17-56440542,G:0.25,G:0.0,G:0.75,G:0.5
chr17-56535932,A:0.35,A:0.0,A:0.75,A:0.5
chr17-56539890,C:0.32,C:0.0,C:0.75,C:0.5
chr17-56693132,C:0.29,C:0.0,C:0.75,C:0.5
chr17-56698827,G:0.3,G:0.0,G:0.75,G:0.5
chr17-57050365,C:0.22,C:0.0,C:0.75,C:0.5
chr17-57184162,A:0.25,A:0.0,A:0.75,A:0.5
chr17-57291138,A:0.24,A:0.0,A:0.75,A:0.5
chr17-57989740,G:0.22,G:0.0,G:0.75,G:0.5
chr17-59478776,G:0.29,G:0.0,G:0.75,G:0.5
chr17-59485393,C:0.36,C:0.0,C:0.75,C:0.5
chr17-59485555,C:0.32,C:0.0,C:0.75,C:0.5
chr17-59490235,C:0.36,C:0.0,C:0.75,C:0.5
chr17-60455076,C:0.21,C:0.0,C:0.75,C:0.5
chr17-60455506,T:0.23,T:0.0,T:0.75,T:0.5
chr17-60837034,G:0.28,G:0.0,G:0.75,G:0.5
chr17-60837563,G:0.31,G:0.0,G:0.75,G:0.5
chr17-61555666,G:0.38,G:0.0,G:0.75,G:0.5
chr17-61558229,A:0.28,A:0.0,A:0.75,A:0.5
chr17-61560763,T:0.34,T:0.0,T:0.75,T:0.5
chr17-61562774,T:0.33,T:0.0,T:0.75,T:0.5
chr17-61562954,C:0.34,C:0.0,C:0.75,C:0.5
chr17-62028528,C:0.25,C:0.0,C:0.75,C:0.5
chr17-63822041,A:0.45,A:0.0,A:0.75,A:0.5
chr17-64735157,T:0.0,T:0.04,T:0.75,T:0.5
chr17-64783539,C:0.24,C:0.0,C:0.75,C:0.5
chr17-65116988,G:0.51,G:0.0,G:0.75,G:0.5
chr17-65156919,G:0.4,G:0.0,G:0.75,G:0.5
chr17-65164181,C:0.32,C:0.0,C:0.75,C:0.5
chr17-65191647,T:0.3,T:0.03,T:0.75,T:0.5
chr17-65199627,T:0.28,T:0.0,T:0.75,T:0.5
chr17-65343725,G:0.26,G:0.0,G:0.75,G:0.5
chr17-66525464,T:0.28,T:0.0,T:0.75,T:0.5
chr17-66533979,C:0.31,C:0.0,C:0.75,C:0.5
chr17-66535746,C:0.25,C:0.0,C:0.75,C:0.5
chr17-67080770,A:0.2,A:0.0,A:0.75,A:0.5
chr17-67081513,A:0.15,A:0.0,A:0.75,A:0.5
chr17-67133352,T:0.23,T:0.0,T:0.75,T:0.5
chr17-67144884,G:0.33,G:0.0,G:0.75,G:0.5
chr17-67147962,G:0.0,G:0.0,G:0.75,G:0.5
chr17-67152734,G:0.45,G:0.0,G:0.75,G:0.5
chr17-67161510,T:0.26,T:0.0,T:0.75,T:0.5
chr17-67170736,A:0.34,A:0.0,A:0.75,A:0.5
chr17-67171748,A:0.33,A:0.0,A:0.75,A:0.5
chr17-67178316,A:0.28,A:0.0,A:0.75,A:0.5
chr17-67178713,A:0.24,A:0.0,A:0.75,A:0.5
chr17-67181333,G:0.49,G:0.0,G:0.75,G:0.5
chr17-67181540,C:0.38,C:0.02,C:0.75,C:0.5
chr17-67181548,T:0.38,T:0.0,T:0.75,T:0.5
chr17-67184196,G:0.25,G:0.0,G:0.75,G:0.5
chr17-67197475,T:0.37,T:0.0,T:0.75,T:0.5
chr17-67197491,T:0.31,T:0.0,T:0.75,T:0.5
chr17-67211118,T:0.34,T:0.0,T:0.75,T:0.5
chr17-67212574,A:0.27,A:0.0,A:0.75,A:0.5
chr17-67212768,C:0.33,C:0.06,C:0.75,C:0.5
chr17-67215485,C:0.25,C:0.0,C:0.75,C:0.5
chr17-67217796,C:0.34,C:0.0,C:0.75,C:0.5
chr17-67218197,A:0.28,A:0.0,A:0.75,A:0.5
chr17-67284118,C:0.19,C:0.0,C:0.75,C:0.5
chr17-71167521,G:0.12,G:0.03,G:0.75,G:0.5
chr17-71192468,C:0.3,C:0.0,C:0.75,C:0.5
chr17-71193594,G:0.31,G:0.0,G:0.75,G:0.5
chr17-71195833,T:0.26,T:0.0,T:0.75,T:0.5
chr17-71195949,C:0.32,C:0.0,C:0.75,C:0.5
chr17-71196995,G:0.01,G:0.03,G:0.75,G:0.5
chr17-71228066,A:0.31,A:0.0,A:0.75,A:0.5
chr17-71238693,T:0.29,T:0.0,T:0.75,T:0.5
chr17-71238773,A:0.36,A:0.0,A:0.75,A:0.5
chr17-71257669,G:0.29,G:0.0,G:0.75,G:0.5
chr17-71257804,A:0.17,A:0.0,A:0.75,A:0.5
chr17-71335260,G:0.18,G:0.0,G:0.75,G:0.5
chr17-71347027,G:0.21,G:0.0,G:0.75,G:0.5
chr17-71357810,G:0.32,G:0.0,G:0.75,G:0.5
chr17-72338271,A:0.23,A:0.0,A:0.75,A:0.5
chr17-72339542,C:0.28,C:0.0,C:0.75,C:0.5
chr17-72610089,C:0.34,C:0.0,C:0.75,C:0.5
chr17-72786611,G:0.23,G:0.05,G:0.75,G:0.5
chr17-72876979,G:0.28,G:0.0,G:0.75,G:0.5
chr17-72937605,G:0.29,G:0.0,G:0.75,G:0.5
chr17-73328989,G:0.2,G:0.0,G:0.75,G:0.5
chr17-73515237,A:0.14,A:0.0,A:0.75,A:0.5
chr17-73518563,G:0.2,G:0.0,G:0.75,G:0.5
chr17-73647138,C:0.01,C:0.08,C:0.75,C:0.5
chr17-73661411,A:0.16,A:0.0,A:0.75,A:0.5
chr17-73724803,C:0.14,C:0.0,C:0.75,C:0.5
chr17-74397026,G:0.25,G:0.0,G:0.75,G:0.5
chr17-74401522,C:0.25,C:0.0,C:0.75,C:0.5
chr17-74477691,C:0.29,C:0.0,C:0.75,C:0.5
chr17-74718155,C:0.23,C:0.0,C:0.75,C:0.5
chr17-76451921,A:0.02,A:0.05,A:0.75,A:0.5
chr17-76457910,G:0.31,G:0.0,G:0.75,G:0.5
chr17-76502634,G:0.25,G:0.0,G:0.75,G:0.5
chr17-76502734,T:0.04,T:0.04,T:0.75,T:0.5
chr17-76503966,T:0.0,T:0.04,T:0.75,T:0.5
chr17-76506607,G:0.03,G:0.02,G:0.75,G:0.5
chr17-76802648,T:0.0,T:0.05,T:0.75,T:0.5
chr17-76870106,C:0.21,C:0.0,C:0.75,C:0.5
chr17-77042322,G:0.23,G:0.0,G:0.75,G:0.5
chr17-77043574,T:0.21,T:0.0,T:0.75,T:0.5
chr17-77078871,C:0.16,C:0.0,C:0.75,C:0.5
chr17-77753442,G:0.0,G:0.0,G:0.75,G:0.5
chr17-78194257,C:0.3,C:0.0,C:0.75,C:0.5
chr17-78704240,A:0.24,A:0.04,A:0.75,A:0.5
chr17-78727734,T:0.29,T:0.03,T:0.75,T:0.5
chr17-78765219,A:0.0,A:0.03,A:0.75,A:0.5
chr17-78795868,A:0.25,A:0.0,A:0.75,A:0.5
chr17-78882806,G:0.14,G:0.0,G:0.75,G:0.5
chr17-78897146,T:0.09,T:0.0,T:0.75,T:0.5
chr17-79084367,G:0.37,G:0.0,G:0.75,G:0.5
chr17-79093822,A:0.04,A:0.04,A:0.75,A:0.5
chr17-79373962,G:0.24,G:0.0,G:0.75,G:0.5
chr17-79632000,G:0.18,G:0.0,G:0.75,G:0.5
chr17-79639874,G:0.18,G:0.0,G:0.75,G:0.5
chr17-79658300,C:0.15,C:0.0,C:0.75,C:0.5
chr17-79670273,T:0.0,T:0.0,T:0.75,T:0.5
chr17-79679848,G:0.14,G:0.0,G:0.75,G:0.5
chr17-79954544,T:0.29,T:0.0,T:0.75,T:0.5
chr17-79981206,A:0.0,A:0.11,A:0.75,A:0.5
chr17-80085916,C:0.0,C:0.03,C:0.75,C:0.5
chr17-80086158,C:0.0,C:0.04,C:0.75,C:0.5
chr17-80086177,T:0.33,T:0.0,T:0.75,T:0.5
chr17-80617215,C:0.25,C:0.0,C:0.75,C:0.5
chr17-80680449,G:0.36,G:0.0,G:0.75,G:0.5
chr17-80914743,G:0.26,G:0.0,G:0.75,G:0.5
chr17-80918696,A:0.0,A:0.0,A:0.75,A:0.5
chr17-80992533,C:0.58,C:0.0,C:0.75,C:0.5
chr17-80992565,A:0.42,A:0.0,A:0.75,A:0.5
chr17-80992749,C:0.25,C:0.0,C:0.75,C:0.5
chr17-81006629,C:0.35,C:0.0,C:0.75,C:0.5
chr17-81009595,C:0.35,C:0.0,C:0.75,C:0.5
chr5-173200,C:0.28,C:0.0,C:0.75,C:0.5
chr5-181494,C:0.23,C:0.0,C:0.75,C:0.5
chr5-447779,C:0.22,C:0.0,C:0.75,C:0.5
chr5-465633,C:0.34,C:0.0,C:0.75,C:0.5
chr5-901194,T:0.15,T:0.0,T:0.75,T:0.5
chr5-5318766,G:0.22,G:0.0,G:0.75,G:0.5
chr5-6372585,A:0.27,A:0.0,A:0.75,A:0.5
chr5-6374079,A:0.42,A:0.0,A:0.75,A:0.5
chr5-6746648,T:0.35,T:0.0,T:0.75,T:0.5
chr5-6748810,G:0.36,G:0.0,G:0.75,G:0.5
chr5-6750830,G:0.38,G:0.0,G:0.75,G:0.5
chr5-6751526,T:0.38,T:0.0,T:0.75,T:0.5
chr5-7698282,C:0.0,C:0.0,C:0.75,C:0.5
chr5-9190697,T:0.2,T:0.0,T:0.75,T:0.5
chr5-11082612,A:0.33,A:0.0,A:0.75,A:0.5
chr5-11111253,T:0.32,T:0.0,T:0.75,T:0.5
chr5-13714162,T:0.44,T:0.0,T:0.75,T:0.5
chr5-13714740,G:0.35,G:0.0,G:0.75,G:0.5
chr5-13719022,T:0.01,T:0.03,T:0.75,T:0.5
chr5-13719089,G:0.26,G:0.0,G:0.75,G:0.5
chr5-13809957,G:0.21,G:0.0,G:0.75,G:0.5
chr5-13823971,G:0.3,G:0.0,G:0.75,G:0.5
chr5-13841459,T:0.15,T:0.0,T:0.75,T:0.5
chr5-13868384,T:0.21,T:0.0,T:0.75,T:0.5
chr5-13894894,T:0.36,T:0.0,T:0.75,T:0.5
chr5-14286802,C:0.02,C:0.0,C:0.75,C:0.5
chr5-14387387,G:0.0,G:0.03,G:0.75,G:0.5
chr5-14471666,T:0.34,T:0.0,T:0.75,T:0.5
chr5-14479938,G:0.33,G:0.0,G:0.75,G:0.5
chr5-16681305,A:0.0,A:0.04,A:0.75,A:0.5
chr5-16694217,T:0.0,T:0.04,T:0.75,T:0.5
chr5-16694309,T:0.28,T:0.0,T:0.75,T:0.5
chr5-16694349,T:0.28,T:0.0,T:0.75,T:0.5
chr5-26903476,A:0.22,A:0.0,A:0.75,A:0.5
chr5-32725072,T:0.03,T:0.0,T:0.75,T:0.5
chr5-33441569,A:0.32,A:0.0,A:0.75,A:0.5
chr5-33457535,T:0.3,T:0.0,T:0.75,T:0.5
chr5-33457650,A:0.31,A:0.0,A:0.75,A:0.5
chr5-33458636,G:0.31,G:0.0,G:0.75,G:0.5
chr5-33467432,G:0.34,G:0.0,G:0.75,G:0.5
chr5-33616311,T:0.19,T:0.0,T:0.75,T:0.5
chr5-33684287,G:0.23,G:0.0,G:0.75,G:0.5
chr5-34807741,C:0.22,C:0.0,C:0.75,C:0.5
chr5-34807928,C:0.01,C:0.02,C:0.75,C:0.5
chr5-34811137,T:0.33,T:0.0,T:0.75,T:0.5
chr5-34821825,C:0.31,C:0.0,C:0.75,C:0.5
chr5-34824555,G:0.26,G:0.0,G:0.75,G:0.5
chr5-35857177,G:0.32,G:0.0,G:0.75,G:0.5
chr5-35857235,C:0.32,C:0.0,C:0.75,C:0.5
chr5-35857262,A:0.31,A:0.0,A:0.75,A:0.5
chr5-35861068,T:0.0,T:0.0,T:0.75,T:0.5
chr5-35861268,T:0.33,T:0.0,T:0.75,T:0.5
chr5-35871190,G:0.01,G:0.04,G:0.75,G:0.5
chr5-35875593,A:0.26,A:0.0,A:0.75,A:0.5
chr5-38958750,A:0.26,A:0.0,A:0.75,A:0.5
chr5-41032604,T:0.21,T:0.0,T:0.75,T:0.5
chr5-41033112,G:0.28,G:0.03,G:0.75,G:0.5
chr5-41038548,G:0.42,G:0.0,G:0.75,G:0.5
chr5-41039295,T:0.0,T:0.04,T:0.75,T:0.5
chr5-41039430,G:0.26,G:0.0,G:0.75,G:0.5
chr5-41054535,C:0.31,C:0.0,C:0.75,C:0.5
chr5-41071179,C:0.19,C:0.0,C:0.75,C:0.5
chr5-41149147,C:0.2,C:0.0,C:0.75,C:0.5
chr5-41199616,T:0.29,T:0.0,T:0.75,T:0.5
chr5-41199629,T:0.32,T:0.0,T:0.75,T:0.5
chr5-41199959,G:0.33,G:0.0,G:0.75,G:0.5
chr5-41200353,C:0.28,C:0.0,C:0.75,C:0.5
chr5-41853329,T:0.19,T:0.0,T:0.75,T:0.5
chr5-42565843,C:0.28,C:0.0,C:0.75,C:0.5
chr5-43292908,C:0.33,C:0.03,C:0.75,C:0.5
chr5-43293350,C:0.37,C:0.0,C:0.75,C:0.5
chr5-43296165,G:0.29,G:0.05,G:0.75,G:0.5
chr5-43297032,C:0.33,C:0.0,C:0.75,C:0.5
chr5-43297144,A:0.4,A:0.0,A:0.75,A:0.5
chr5-43298515,C:0.36,C:0.0,C:0.75,C:0.5
chr5-43298557,C:0.29,C:0.0,C:0.75,C:0.5
chr5-52157374,T:0.31,T:0.0,T:0.75,T:0.5
chr5-53815240,G:0.33,G:0.0,G:0.75,G:0.5
chr5-55075670,A:0.24,A:0.0,A:0.75,A:0.5
chr5-55178747,A:0.19,A:0.0,A:0.75,A:0.5
chr5-55528815,T:0.26,T:0.0,T:0.75,T:0.5
chr5-56183743,T:0.25,T:0.0,T:0.75,T:0.5
chr5-56527224,T:0.32,T:0.0,T:0.75,T:0.5
chr5-56558225,G:0.23,G:0.0,G:0.75,G:0.5
chr5-61673337,C:0.22,C:0.0,C:0.75,C:0.5
chr5-63665335,G:0.22,G:0.0,G:0.75,G:0.5
chr5-64049914,C:0.27,C:0.0,C:0.75,C:0.5
chr5-64081625,A:0.24,A:0.0,A:0.75,A:0.5
chr5-64313887,G:0.25,G:0.0,G:0.75,G:0.5
chr5-64509707,T:0.14,T:0.0,T:0.75,T:0.5
chr5-64569420,G:0.2,G:0.04,G:0.75,G:0.5
chr5-64766342,A:0.21,A:0.0,A:0.75,A:0.5
chr5-64859027,C:0.29,C:0.02,C:0.75,C:0.5
chr5-64875105,G:0.33,G:0.0,G:0.75,G:0.5
chr5-64956428,C:0.0,C:0.03,C:0.75,C:0.5
chr5-66255326,A:0.19,A:0.0,A:0.75,A:0.5
chr5-71739602,G:0.0,G:0.03,G:0.75,G:0.5
chr5-72179286,A:0.14,A:0.0,A:0.75,A:0.5
chr5-72354603,C:0.0,C:0.05,C:0.75,C:0.5
chr5-72378015,A:0.21,A:0.0,A:0.75,A:0.5
chr5-73196761,G:0.26,G:0.0,G:0.75,G:0.5
chr5-73197200,G:0.0,G:0.03,G:0.75,G:0.5
chr5-73981662,G:0.29,G:0.0,G:0.75,G:0.5
chr5-74041329,C:0.0,C:0.0,C:0.75,C:0.5
chr5-74047436,G:0.13,G:0.03,G:0.75,G:0.5
chr5-74054595,A:0.0,A:0.03,A:0.75,A:0.5
chr5-74059708,T:0.24,T:0.0,T:0.75,T:0.5
chr5-76341973,T:0.16,T:0.0,T:0.75,T:0.5
chr5-76350139,G:0.24,G:0.0,G:0.75,G:0.5
chr5-76696334,C:0.39,C:0.0,C:0.75,C:0.5
chr5-76787786,G:0.27,G:0.0,G:0.75,G:0.5
chr5-78980680,T:0.24,T:0.0,T:0.75,T:0.5
chr5-79024734,A:0.0,A:0.03,A:0.75,A:0.5
chr5-79028472,C:0.33,C:0.0,C:0.75,C:0.5
chr5-79028726,A:0.34,A:0.0,A:0.75,A:0.5
chr5-79029594,T:0.37,T:0.0,T:0.75,T:0.5
chr5-79030045,A:0.32,A:0.0,A:0.75,A:0.5
chr5-79039420,T:0.31,T:0.0,T:0.75,T:0.5
chr5-79057477,C:0.34,C:0.0,C:0.75,C:0.5
chr5-79058817,C:0.36,C:0.0,C:0.75,C:0.5
chr5-79355471,C:0.24,C:0.0,C:0.75,C:0.5
chr5-79375575,T:0.13,T:0.0,T:0.75,T:0.5
chr5-81601230,T:0.21,T:0.0,T:0.75,T:0.5
chr5-82969704,G:0.47,G:0.0,G:0.75,G:0.5
chr5-89918232,C:0.23,C:0.0,C:0.75,C:0.5
chr5-93752874,C:0.0,C:0.02,C:0.75,C:0.5
chr5-94043584,C:0.32,C:0.0,C:0.75,C:0.5
chr5-94726879,C:0.02,C:0.04,C:0.75,C:0.5
chr5-94955783,A:0.19,A:0.0,A:0.75,A:0.5
chr5-95152493,T:0.23,T:0.0,T:0.75,T:0.5
chr5-95733112,A:0.23,A:0.0,A:0.75,A:0.5
chr5-96119328,C:0.18,C:0.0,C:0.75,C:0.5
chr5-100191561,G:0.18,G:0.0,G:0.75,G:0.5
chr5-100191594,G:0.21,G:0.0,G:0.75,G:0.5
chr5-101575241,A:0.42,A:0.0,A:0.75,A:0.5
chr5-101795556,G:0.2,G:0.0,G:0.75,G:0.5
chr5-102325618,G:0.24,G:0.0,G:0.75,G:0.5
chr5-102325692,T:0.21,T:0.0,T:0.75,T:0.5
chr5-102355261,A:0.23,A:0.0,A:0.75,A:0.5
chr5-102891490,G:0.43,G:0.04,G:0.75,G:0.5
chr5-102894673,T:0.29,T:0.0,T:0.75,T:0.5
chr5-102896142,C:0.42,C:0.0,C:0.75,C:0.5
chr5-110097554,C:0.27,C:0.0,C:0.75,C:0.5
chr5-110408743,C:0.24,C:0.0,C:0.75,C:0.5
chr5-110837447,G:0.24,G:0.0,G:0.75,G:0.5
chr5-111311979,C:0.25,C:0.0,C:0.75,C:0.5
chr5-112258120,C:0.17,C:0.0,C:0.75,C:0.5
chr5-112399477,T:0.13,T:0.0,T:0.75,T:0.5
chr5-112487137,A:0.28,A:0.0,A:0.75,A:0.5
chr5-112676024,C:0.3,C:0.0,C:0.75,C:0.5
chr5-112676191,A:0.33,A:0.0,A:0.75,A:0.5
chr5-112676579,C:0.3,C:0.0,C:0.75,C:0.5
chr5-112770027,T:0.3,T:0.0,T:0.75,T:0.5
chr5-112823768,T:0.26,T:0.0,T:0.75,T:0.5
chr5-112850963,G:0.05,G:0.02,G:0.75,G:0.5
chr5-112851121,C:0.33,C:0.0,C:0.75,C:0.5
chr5-112876532,T:0.29,T:0.0,T:0.75,T:0.5
chr5-112884197,C:0.36,C:0.0,C:0.75,C:0.5
chr5-112884728,G:0.0,G:0.06,G:0.75,G:0.5
chr5-112896576,C:0.29,C:0.0,C:0.75,C:0.5
chr5-112899250,G:0.02,G:0.04,G:0.75,G:0.5
chr5-112901494,G:0.28,G:0.0,G:0.75,G:0.5
chr5-112901836,A:0.27,A:0.0,A:0.75,A:0.5
chr5-112926982,A:0.33,A:0.0,A:0.75,A:0.5
chr5-112929013,T:0.41,T:0.0,T:0.75,T:0.5
chr5-115298977,C:0.2,C:0.0,C:0.75,C:0.5
chr5-115320508,G:0.26,G:0.0,G:0.75,G:0.5
chr5-115323949,C:0.23,C:0.0,C:0.75,C:0.5
chr5-115470017,A:0.18,A:0.0,A:0.75,A:0.5
chr5-115832056,G:0.3,G:0.0,G:0.75,G:0.5
chr5-118845139,G:0.27,G:0.0,G:0.75,G:0.5
chr5-125801416,C:0.33,C:0.0,C:0.75,C:0.5
chr5-125880589,T:0.34,T:0.0,T:0.75,T:0.5
chr5-125885285,T:0.25,T:0.0,T:0.75,T:0.5
chr5-125910682,G:0.25,G:0.0,G:0.75,G:0.5
chr5-125929746,T:0.22,T:0.0,T:0.75,T:0.5
chr5-125972168,C:0.23,C:0.0,C:0.75,C:0.5
chr5-126140522,T:0.25,T:0.0,T:0.75,T:0.5
chr5-127641916,C:0.5,C:0.0,C:0.75,C:0.5
chr5-127646694,T:0.31,T:0.0,T:0.75,T:0.5
chr5-127665936,G:0.29,G:0.0,G:0.75,G:0.5
chr5-127666565,T:0.32,T:0.0,T:0.75,T:0.5
chr5-127685624,C:0.31,C:0.02,C:0.75,C:0.5
chr5-127686378,T:0.28,T:0.0,T:0.75,T:0.5
chr5-128957634,T:0.19,T:0.0,T:0.75,T:0.5
chr5-128990307,G:0.23,G:0.0,G:0.75,G:0.5
chr5-131534381,C:0.27,C:0.0,C:0.75,C:0.5
chr5-131534499,C:0.3,C:0.0,C:0.75,C:0.5
chr5-131553340,C:0.29,C:0.0,C:0.75,C:0.5
chr5-131720263,A:0.18,A:0.0,A:0.75,A:0.5
chr5-132150024,C:0.3,C:0.0,C:0.75,C:0.5
chr5-132150132,C:0.29,C:0.0,C:0.75,C:0.5
chr5-132160057,C:0.25,C:0.0,C:0.75,C:0.5
chr5-132273031,T:0.2,T:0.0,T:0.75,T:0.5
chr5-132425049,A:0.33,A:0.0,A:0.75,A:0.5
chr5-132433049,G:0.27,G:0.0,G:0.75,G:0.5
chr5-133309194,A:0.17,A:0.05,A:0.75,A:0.5
chr5-133873572,A:0.24,A:0.0,A:0.75,A:0.5
chr5-134782414,G:0.33,G:0.0,G:0.75,G:0.5
chr5-134782450,T:0.31,T:0.0,T:0.75,T:0.5
chr5-134782510,T:0.03,T:0.03,T:0.75,T:0.5
chr5-134782576,T:0.0,T:0.03,T:0.75,T:0.5
chr5-135186075,A:0.03,A:0.03,A:0.75,A:0.5
chr5-135389433,C:0.26,C:0.0,C:0.75,C:0.5
chr5-137500665,G:0.32,G:0.0,G:0.75,G:0.5
chr5-137507979,C:0.03,C:0.05,C:0.75,C:0.5
chr5-137661434,T:0.39,T:0.0,T:0.75,T:0.5
chr5-137664241,A:0.3,A:0.0,A:0.75,A:0.5
chr5-137664945,G:0.36,G:0.0,G:0.75,G:0.5
chr5-137726454,T:0.23,T:0.0,T:0.75,T:0.5
chr5-137733891,A:0.33,A:0.02,A:0.75,A:0.5
chr5-138208441,A:0.28,A:0.0,A:0.75,A:0.5
chr5-138222994,C:0.23,C:0.0,C:0.75,C:0.5
chr5-140056775,A:0.25,A:0.0,A:0.75,A:0.5
chr5-140307746,C:0.27,C:0.0,C:0.75,C:0.5
chr5-140309124,G:0.33,G:0.02,G:0.75,G:0.5
chr5-140346712,T:0.33,T:0.0,T:0.75,T:0.5
chr5-140347053,C:0.39,C:0.0,C:0.75,C:0.5
chr5-140502177,G:0.37,G:0.0,G:0.75,G:0.5
chr5-140529778,C:0.32,C:0.0,C:0.75,C:0.5
chr5-140530529,G:0.38,G:0.0,G:0.75,G:0.5
chr5-140532871,T:0.0,T:0.0,T:0.75,T:0.5
chr5-140567264,G:0.26,G:0.0,G:0.75,G:0.5
chr5-140567445,A:0.36,A:0.0,A:0.75,A:0.5
chr5-140568026,T:0.0,T:0.03,T:0.75,T:0.5
chr5-140569353,G:0.36,G:0.0,G:0.75,G:0.5
chr5-140598543,C:0.34,C:0.0,C:0.75,C:0.5
chr5-145252574,C:0.0,C:0.03,C:0.75,C:0.5
chr5-146792024,G:0.28,G:0.0,G:0.75,G:0.5
chr5-147286054,G:0.38,G:0.0,G:0.75,G:0.5
chr5-147286317,T:0.33,T:0.0,T:0.75,T:0.5
chr5-147449855,A:0.0,A:0.02,A:0.75,A:0.5
chr5-147450085,C:0.28,C:0.04,C:0.75,C:0.5
chr5-147475706,G:0.17,G:0.0,G:0.75,G:0.5
chr5-147478981,C:0.22,C:0.0,C:0.75,C:0.5
chr5-147813154,T:0.23,T:0.0,T:0.75,T:0.5
chr5-148579567,G:0.18,G:0.0,G:0.75,G:0.5
chr5-149301335,T:0.01,T:0.04,T:0.75,T:0.5
chr5-149313344,C:0.24,C:0.0,C:0.75,C:0.5
chr5-149389465,C:0.33,C:0.0,C:0.75,C:0.5
chr5-149398480,A:0.25,A:0.0,A:0.75,A:0.5
chr5-149421847,T:0.31,T:0.0,T:0.75,T:0.5
chr5-149511792,G:0.0,G:0.04,G:0.75,G:0.5
chr5-149629683,T:0.23,T:0.0,T:0.75,T:0.5
chr5-149678296,A:0.38,A:0.0,A:0.75,A:0.5
chr5-149776232,C:0.34,C:0.0,C:0.75,C:0.5
chr5-149784658,A:0.21,A:0.0,A:0.75,A:0.5
chr5-149823785,G:0.29,G:0.0,G:0.75,G:0.5
chr5-149826066,T:0.27,T:0.0,T:0.75,T:0.5
chr5-149826526,C:0.0,C:0.0,C:0.75,C:0.5
chr5-149826572,G:0.32,G:0.0,G:0.75,G:0.5
chr5-149827098,G:0.0,G:0.04,G:0.75,G:0.5
chr5-149827494,C:0.0,C:0.05,C:0.75,C:0.5
chr5-150429129,G:0.24,G:0.0,G:0.75,G:0.5
chr5-150503675,T:0.28,T:0.0,T:0.75,T:0.5
chr5-150505794,G:0.0,G:0.0,G:0.75,G:0.5
chr5-150945092,C:0.34,C:0.0,C:0.75,C:0.5
chr5-151771673,A:0.2,A:0.0,A:0.75,A:0.5
chr5-151772230,C:0.18,C:0.04,C:0.75,C:0.5
chr5-151775325,G:0.16,G:0.0,G:0.75,G:0.5
chr5-151777457,T:0.22,T:0.0,T:0.75,T:0.5
chr5-151777466,A:0.24,A:0.0,A:0.75,A:0.5
chr5-153078802,T:0.22,T:0.0,T:0.75,T:0.5
chr5-153078867,C:0.2,C:0.0,C:0.75,C:0.5
chr5-154191553,C:0.25,C:0.0,C:0.75,C:0.5
chr5-156589188,T:0.27,T:0.0,T:0.75,T:0.5
chr5-156650260,C:0.26,C:0.0,C:0.75,C:0.5
chr5-156816522,G:0.23,G:0.0,G:0.75,G:0.5
chr5-157053908,A:0.21,A:0.0,A:0.75,A:0.5
chr5-157107259,G:0.17,G:0.0,G:0.75,G:0.5
chr5-161115761,A:0.22,A:0.0,A:0.75,A:0.5
chr5-162939534,G:0.24,G:0.0,G:0.75,G:0.5
chr5-168149759,A:0.15,A:0.04,A:0.75,A:0.5
chr5-168175570,G:0.18,G:0.0,G:0.75,G:0.5
chr5-169129579,C:0.25,C:0.0,C:0.75,C:0.5
chr5-169138909,G:0.36,G:0.0,G:0.75,G:0.5
chr5-169145965,T:0.33,T:0.0,T:0.75,T:0.5
chr5-170140188,G:0.27,G:0.0,G:0.75,G:0.5
chr5-171509725,C:0.29,C:0.0,C:0.75,C:0.5
chr5-171510180,T:0.3,T:0.0,T:0.75,T:0.5
chr5-171554516,A:0.25,A:0.0,A:0.75,A:0.5
chr5-173039880,C:0.45,C:0.0,C:0.75,C:0.5
chr5-175819996,C:0.23,C:0.0,C:0.75,C:0.5
chr5-176000821,T:0.16,T:0.0,T:0.75,T:0.5
chr5-177734139,C:0.24,C:0.0,C:0.75,C:0.5
chr5-178565001,C:0.23,C:0.0,C:0.75,C:0.5
chr5-179133087,T:0.21,T:0.0,T:0.75,T:0.5
chr5-179663614,C:0.24,C:0.0,C:0.75,C:0.5
chr5-179667806,G:0.15,G:0.0,G:0.75,G:0.5
chr5-179991276,C:0.18,C:0.0,C:0.75,C:0.5
chr5-179995865,C:0.19,C:0.0,C:0.75,C:0.5
chr5-180030519,C:0.02,C:0.04,C:0.75,C:0.5
chr12-4719169,A:0.4,A:0.0,A:0.75,A:0.5
chr12-13761829,CA:0.3,CA:0.0,CA:0.75,CA:0.5
chr12-40631625,CAACA:0.34,CAACA:0.0,CAACA:0.75,CAACA:0.5
chr12-49218810,G:0.42,G:0.0,G:0.75,G:0.5
chr12-51723598,A:0.31,A:0.0,A:0.75,A:0.5
chr12-62715412,CTGTAT:0.35,CTGTAT:0.0,CTGTAT:0.75,CTGTAT:0.5
chr12-97102700,TTATA:0.37,TTATA:0.0,TTATA:0.75,TTATA:0.5
chr12-99020688,TGACA:0.39,TGACA:0.0,TGACA:0.75,TGACA:0.5
chr12-133197288,GA:0.36,GA:0.0,GA:0.75,GA:0.5
chr12-133220652,A:0.32,A:0.0,A:0.75,A:0.5
chr12-133234389,CAT:0.33,CAT:0.0,CAT:0.75,CAT:0.5
chr17-3418119,AGTT:0.33,AGTT:0.0,AGTT:0.75,AGTT:0.5
chr17-4199933,ATCTT:0.31,ATCTT:0.0,ATCTT:0.75,ATCTT:0.5
chr17-10348705,A:0.37,A:0.0,A:0.75,A:0.5
chr17-14005647,C:0.3,C:0.0,C:0.75,C:0.5
chr17-20200129,CTCTG:0.27,CTCTG:0.0,CTCTG:0.75,CTCTG:0.5
chr17-26904552,CCT:0.25,CCT:0.0,CCT:0.75,CCT:0.5
chr17-45291103,TG:0.33,TG:0.0,TG:0.75,TG:0.5
chr17-47014651,CT:0.33,CT:0.0,CT:0.75,CT:0.5
chr17-53014232,A:0.3,A:0.0,A:0.75,A:0.5
chr17-61562490,A:0.35,A:0.0,A:0.75,A:0.5
chr17-71202099,C:0.38,C:0.0,C:0.75,C:0.5
chr5-43292483,C:0.31,C:0.0,C:0.75,C:0.5
chr5-43294357,TAAGTAA:0.32,TAAGTAA:0.0,TAAGTAA:0.75,TAAGTAA:0.5
chr5-73980963,GC:0.36,GC:0.0,GC:0.75,GC:0.5
chr5-80088461,CAG:0.32,CAG:0.0,CAG:0.75,CAG:0.5
chr5-131553428,T:0.35,T:0.0,T:0.75,T:0.5
chr5-149374879,CT:0.32,CT:0.0,CT:0.75,CT:0.5
chr5-149826951,G:0.33,G:0.0,G:0.75,G:0.5
