POS	ALLELE:FREQ
131516	C:0.25
131709	A:0.75
262555	A:0.25
505139	G:0.75
534896	C:0.75
556884	A:0.25
636320	T:0.25
706563	G:0.75
708015	T:0.75
708223	G:0.75
708531	T:0.75
725869	A:0.75
910401	G:0.25
953456	C:0.75
1183612	T:0.75
1264198	G:0.25
1370720	C:0.75
1371975	C:0.75
1395682	C:0.25
1411848	A:0.75
1419853	C:0.75
1424948	A:0.75
1444702	T:0.75
1479741	A:0.25
1486851	G:0.75
1495028	A:0.25
1516853	C:0.25
1518030	G:0.75
1519662	G:0.25
1519775	G:0.75
1520237	C:0.25
1530979	G:0.75
1538669	C:0.75
1540556	C:0.25
1562570	G:0.75
1630208	C:0.25
1630395	T:0.25
1630584	A:0.25
1633868	C:0.25
1635392	A:0.25
1635614	T:0.25
1636577	G:0.25
1636934	A:0.25
1637302	A:0.25
1638591	C:0.25
1638718	A:0.25
1640339	A:0.25
1641276	T:0.25
1649267	A:0.25
1649502	C:0.25
1650168	C:0.25
1651018	C:0.25
1651780	A:0.25
1656215	G:0.25
1673104	G:0.75
1686600	G:0.75
1690302	CAA:0.75
1704398	C:0.75
1731221	A:0.75
1783812	T:0.75
1792174	G:0.75
1800087	A:0.75
1936755	T:0.75
1946503	C:0.75
1959822	C:0.75
2202943	T:0.75
2234005	C:0.75
2236404	T:0.75
2267694	C:0.75
2579443	C:0.25
2594218	G:0.25
2595276	CCGCCA:0.25
2595495	C:0.75
2595535	G:0.25
2595964	G:0.75
2599272	G:0.25
2600186	G:0.75
2603433	T:0.25
2604375	C:0.25
2607399	A:0.25
2703721	GGGCTGTCCCGGGGACTCCTCCA:0.25
2808501	G:0.75
2808508	C:0.25
2867073	G:0.75
2884545	A:0.75
2995572	G:0.75
3101578	G:0.75
3101590	C:0.25
3101691	G:0.75
3119673	A:0.25
3119767	C:0.25
3119871	C:0.25
3181384	C:0.75
3182309	G:0.75
3182396	A:0.75
3195503	C:0.75
3213448	T:0.75
3214181	T:0.75
3301549	G:0.75
3324004	C:0.25
3324255	C:0.25
3325195	G:0.25
3336162	T:0.25
3336260	A:0.25
3343519	T:0.75
3346130	T:0.75
3352294	A:0.75
3352309	T:0.25
3352331	C:0.75
3366226	T:0.75
3366428	A:0.75
3371032	T:0.25
3372905	C:0.25
3379815	T:0.75
3379842	T:0.75
3385249	A:0.75
3386558	T:0.75
3392938	A:0.25
3417143	GCA:0.75
3417995	T:0.75
3417997	C:0.75
3417998	A:0.75
3417999	C:0.75
3418119	AGTT:0.75
3431532	G:0.75
3469853	A:0.75
3475565	A:0.75
3480775	G:0.75
3568401	G:0.75
3599044	C:0.75
3599662	C:0.75
3617861	T:0.25
3618298	C:0.25
3618476	C:0.25
3619784	A:0.25
3620138	A:0.25
3626816	G:0.75
3627473	C:0.25
3628362	T:0.25
3629698	A:0.25
3629848	A:0.25
3631620	G:0.25
3631846	C:0.25
3635489	G:0.75
3635603	A:0.75
3638344	G:0.75
3649214	G:0.75
3651645	C:0.75
3651654	A:0.75
3653959	A:0.75
3657159	C:0.75
3657175	T:0.75
3658914	C:0.75
3660750	G:0.75
3660864	G:0.75
3661511	A:0.75
3663977	G:0.75
3664477	A:0.75
3664975	A:0.75
3665116	A:0.75
3665600	C:0.75
3717896	A:0.75
3728903	T:0.75
3776867	C:0.75
3785084	A:0.75
3786804	C:0.75
3786994	A:0.75
3806794	C:0.75
3808497	A:0.75
3808498	A:0.75
3844787	C:0.75
3856353	G:0.75
3936529	A:0.25
4027047	A:0.25
4199933	ATCTT:0.75
4210164	C:0.75
4389267	A:0.75
4391274	G:0.75
4488414	C:0.75
4495210	C:0.25
4495682	G:0.25
4534608	G:0.75
4542963	C:0.75
4574751	T:0.75
4576620	C:0.75
4579301	G:0.75
4579638	G:0.25
4594965	C:0.25
4619091	C:0.25
4620428	G:0.75
4620897	A:0.75
4620928	T:0.75
4622551	A:0.75
4623375	C:0.75
4623456	G:0.75
4645437	GC:0.75
4712395	A:0.75
4713981	A:0.75
4718027	G:0.75
4721376	A:0.75
4722876	G:0.25
4795619	TG:0.75
4800424	CCCTTCTTT:0.75
4845768	G:0.75
4870893	G:0.75
4871518	T:0.75
4875566	T:0.75
4875628	A:0.75
4876327	T:0.75
4877120	G:0.75
4877358	G:0.75
4880320	T:0.75
4881776	C:0.75
4882952	G:0.75
4883818	C:0.75
4885982	G:0.75
4886037	A:0.75
4891956	G:0.75
4893357	G:0.75
4904376	T:0.75
4907103	G:0.75
4924097	C:0.75
4924333	A:0.75
4926126	C:0.25
4926607	C:0.75
4936178	A:0.75
4936898	C:0.25
4936972	G:0.75
4937967	C:0.75
4937982	T:0.75
5036849	T:0.75
5042346	C:0.25
5042422	G:0.25
5042894	T:0.25
5045034	T:0.75
5045630	T:0.75
5048207	A:0.75
5048294	C:0.75
5048405	G:0.75
5058808	G:0.75
5066005	A:0.75
5066305	A:0.75
5071643	TC:0.75
5072316	C:0.75
5074623	A:0.75
5085893	C:0.75
5087040	A:0.75
5087602	C:0.75
5087723	A:0.75
5124877	C:0.75
5126674	A:0.75
5126689	G:0.75
5268765	C:0.75
5308308	G:0.75
5308603	G:0.25
5317669	C:0.25
5326162	G:0.25
5384551	T:0.75
5442951	C:0.75
5457036	C:0.75
5486800	G:0.75
5487164	C:0.75
6020999	G:0.75
6331803	T:0.75
6331836	T:0.75
6350525	G:0.75
6358989	G:0.25
6365183	C:0.75
6366889	T:0.75
6371738	A:0.75
6373244	G:0.75
6373269	T:0.75
6373737	C:0.75
6374779	T:0.75
6374956	T:0.75
6376356	C:0.75
6376448	C:0.75
6377399	T:0.75
6380878	C:0.75
6381939	G:0.75
6387482	G:0.75
6406883	C:0.75
6428620	C:0.75
6441164	T:0.75
6441207	C:0.75
6441376	G:0.75
6482668	G:0.75
6515531	T:0.75
6526765	C:0.75
6544248	G:0.75
6544275	T:0.75
6544877	G:0.75
6544937	G:0.75
6546259	T:0.75
6546457	A:0.75
6547653	G:0.75
6547766	G:0.75
6553456	G:0.75
6553543	A:0.75
6554921	A:0.75
6556022	A:0.75
6556194	T:0.75
6556326	G:0.75
6589350	A:0.75
6589883	T:0.75
6590006	T:0.75
6591098	A:0.75
6597480	G:0.75
6599095	G:0.75
6604708	T:0.75
6606537	C:0.75
6607318	C:0.75
6704121	C:0.75
6733672	T:0.75
6900076	G:0.75
6903537	G:0.25
6904934	A:0.75
6978319	A:0.75
6979179	A:0.75
6979218	AATAGG:0.75
6980105	G:0.75
6980599	C:0.75
6980609	A:0.75
6981397	A:0.75
6982444	A:0.75
7005123	C:0.75
7010879	CAT:0.75
7011129	C:0.75
7012073	G:0.75
7012077	C:0.75
7012079	C:0.75
7080069	A:0.75
7080316	C:0.75
7197633	A:0.25
7224921	C:0.75
7231236	T:0.75
7245506	C:0.75
7245674	G:0.75
7246940	T:0.75
7248084	T:0.75
7251159	C:0.75
7251605	G:0.75
7252148	G:0.75
7257185	C:0.75
7258481	C:0.75
7286326	T:0.75
7290533	CT:0.25
7290787	TG:0.25
7290821	T:0.25
7292726	C:0.25
7318935	C:0.75
7320142	C:0.25
7329632	T:0.75
7345819	A:0.75
7346302	T:0.75
7350050	C:0.75
7350544	G:0.75
7357864	C:0.75
7358520	C:0.75
7358861	T:0.75
7359557	G:0.75
7360110	T:0.25
7366651	C:0.75
7385204	T:0.75
7386279	T:0.25
7386280	G:0.25
7386428	G:0.25
7398909	C:0.75
7399866	G:0.75
7400041	C:0.25
7400448	G:0.25
7401690	T:0.25
7401903	A:0.75
7402556	G:0.25
7402600	T:0.25
7402985	G:0.75
7403792	C:0.75
7403942	A:0.25
7405074	C:0.25
7407327	A:0.75
7411360	G:0.75
7411447	C:0.25
7411770	C:0.75
7416599	G:0.75
7417551	T:0.25
7467238	A:0.75
7468277	C:0.75
7533717	T:0.75
7536460	G:0.75
7536943	C:0.75
7662623	G:0.75
7674459	T:0.75
7680159	G:0.75
7689217	T:0.75
7690404	G:0.75
7701204	A:0.75
7705344	G:0.75
7733833	A:0.75
7754993	G:0.75
7794202	C:0.25
7806529	A:0.25
7907189	C:0.75
7915920	G:0.75
7916393	G:0.75
7918146	C:0.75
7949750	A:0.75
7950106	C:0.75
7950952	C:0.75
7983799	A:0.75
7984479	G:0.75
7989047	G:0.75
7990437	G:0.75
7999957	G:0.75
8015579	G:0.75
8166498	G:0.75
8224133	T:0.75
8224276	T:0.75
8243469	T:0.75
8243785	A:0.75
8633310	C:0.25
8633656	T:0.25
8639090	T:0.75
8656851	G:0.75
8656959	C:0.75
8656990	A:0.75
8660948	T:0.25
8661641	C:0.75
8662026	A:0.25
8701116	G:0.75
8707029	A:0.75
8731745	T:0.75
8738493	C:0.75
8738553	G:0.75
8738575	A:0.75
8739821	G:0.75
8742862	C:0.75
8787847	G:0.75
9497560	C:0.25
9511769	C:0.75
9515777	G:0.25
9538649	G:0.75
9545226	G:0.75
9546551	G:0.75
9569665	G:0.75
9578647	C:0.75
9586165	C:0.75
9590319	T:0.75
9590356	T:0.75
9590409	T:0.75
9674543	C:0.75
9674901	C:0.75
9674922	A:0.75
9674976	T:0.75
9763216	C:0.75
9801324	C:0.75
9801730	C:0.75
9804473	C:0.75
9808571	T:0.75
9820831	C:0.75
9820883	C:0.75
9821585	T:0.75
9846521	G:0.75
10249087	G:0.75
10295497	C:0.25
10297658	A:0.25
10298301	T:0.25
10302566	C:0.25
10304261	G:0.25
10308068	A:0.25
10309962	C:0.25
10312026	T:0.25
10314375	G:0.75
10314395	C:0.75
10315556	G:0.75
10316275	C:0.75
10317125	G:0.75
10317831	A:0.75
10317842	A:0.75
10317940	A:0.75
10319148	A:0.75
10323020	C:0.75
10346781	T:0.75
10348354	T:0.75
10348705	A:0.75
10354974	T:0.75
10355371	C:0.75
10355763	T:0.75
10356816	C:0.75
10357281	T:0.25
10360065	T:0.75
10360407	C:0.75
10362746	A:0.75
10363410	A:0.75
10364191	T:0.75
10367323	T:0.75
10399897	A:0.75
10400963	C:0.25
10404118	A:0.75
10411370	T:0.75
10411397	G:0.75
10411632	A:0.75
10412480	T:0.75
10414796	G:0.75
10417867	G:0.75
10418275	T:0.75
10426266	A:0.25
10426343	C:0.25
10427924	G:0.75
10431275	A:0.75
10431877	A:0.75
10432638	T:0.75
10434925	T:0.75
10440231	C:0.75
10442977	T:0.75
10444168	G:0.25
10446182	C:0.75
10446508	T:0.75
10448769	A:0.75
10450816	T:0.75
10595024	C:0.25
11511457	C:0.75
11532715	T:0.75
11532835	A:0.75
11536097	T:0.75
11536102	C:0.75
11536310	T:0.75
11548364	G:0.75
11550340	T:0.75
11556473	G:0.75
11661348	A:0.25
11684571	G:0.75
11757556	C:0.75
11784829	T:0.25
11786569	C:0.25
11786951	T:0.75
11826893	G:0.75
11827353	T:0.75
11833365	G:0.75
11835321	C:0.75
11835331	G:0.75
11837161	T:0.75
11840528	A:0.75
11865462	G:0.75
11886542	C:0.75
11886864	T:0.75
12569442	G:0.75
12656417	T:0.75
12798015	C:0.25
12853382	G:0.25
12855719	G:0.25
12859654	A:0.25
13977462	G:0.75
13980350	G:0.25
14005647	C:0.75
14062974	G:0.25
14139099	C:0.75
14139473	G:0.75
14140080	C:0.75
14140081	G:0.75
14140191	G:0.75
14248423	T:0.75
14249167	C:0.75
15162389	T:0.75
15206970	G:0.75
15215660	T:0.25
15217389	G:0.75
15217437	C:0.75
15217697	G:0.25
15222535	C:0.25
15458722	T:0.75
15496730	A:0.75
15498181	A:0.75
15498211	GAAAAGATA:0.75
15532147	G:0.75
15583977	G:0.75
15613021	C:0.75
15613297	G:0.75
16325968	A:0.25
16326253	G:0.25
16343026	C:0.75
16747781	G:0.75
16843171	A:0.75
16843250	A:0.75
16892334	C:0.75
16893155	A:0.75
16893180	G:0.75
17046024	C:0.75
17062241	C:0.75
17075318	A:0.75
17120204	T:0.75
17120668	G:0.75
17122327	G:0.75
17125595	A:0.75
17127471	G:0.75
17165136	C:0.75
17168164	G:0.75
17179481	G:0.75
17183513	A:0.25
17184033	G:0.75
17184745	C:0.75
17394611	G:0.75
17425631	C:0.75
17480187	A:0.25
17480474	T:0.25
17700037	AAGG:0.75
17700573	T:0.25
17700792	C:0.25
17707105	T:0.75
17716531	A:0.75
17716662	G:0.25
17723843	AAGG:0.25
17907352	C:0.75
17996948	A:0.75
18136750	C:0.25
18137049	G:0.75
18140573	G:0.75
18141893	C:0.75
18219742	G:0.75
18233631	G:0.25
18291308	T:0.25
18291432	TCACAGC:0.25
18291470	C:0.25
18291544	A:0.25
18291618	C:0.25
18333915	C:0.75
18392175	T:0.75
18394552	G:0.75
18394706	A:0.75
18684642	G:0.25
18709002	CTT:0.75
18834137	A:0.75
18922968	G:0.75
19216811	G:0.75
19437187	T:0.75
19445923	A:0.75
19463343	G:0.75
19464023	C:0.75
19552476	C:0.75
19552719	A:0.75
19555725	A:0.75
19555976	T:0.75
19559623	G:0.75
19561429	T:0.75
19608773	G:0.75
19610104	C:0.75
19616245	A:0.75
19617236	G:0.75
19617393	G:0.75
19619441	G:0.75
19619998	G:0.75
19642952	G:0.75
19644133	T:0.75
19812541	T:0.25
19823070	C:0.25
19861142	A:0.25
19861458	C:0.25
19999781	G:0.75
20013802	G:0.25
20107414	G:0.25
20108184	C:0.25
20108239	A:0.25
20135171	A:0.75
20160925	C:0.25
20163529	A:0.25
20163616	C:0.25
20200129	CTCTG:0.75
20209474	C:0.25
20225135	CA:0.75
20227609	A:0.25
20227623	TA:0.25
20320435	T:0.25
20322084	C:0.25
20356911	C:0.25
20361768	G:0.25
20361919	T:0.75
20370767	G:0.25
20370782	A:0.75
20370806	G:0.25
20370885	G:0.75
20370938	A:0.75
20768950	G:0.75
20906257	A:0.25
20907969	G:0.75
20908081	CTAGTGGAGCTGCGGGCAGCCAA:0.25
20908325	T:0.25
20910984	G:0.25
20911511	T:0.25
20916035	A:0.25
20918834	T:0.25
20919334	T:0.25
20919337	G:0.25
20921492	C:0.25
20921538	C:0.25
20921548	C:0.25
20924077	C:0.25
20924236	A:0.25
20924270	T:0.25
20924523	G:0.25
20924620	T:0.25
20931660	G:0.25
20945887	G:0.25
20946393	T:0.25
21081320	C:0.75
21087671	C:0.25
21087963	T:0.75
21087988	A:0.75
21116985	G:0.25
21117589	C:0.25
21206440	C:0.75
21825565	G:0.75
21826256	A:0.75
25912828	A:0.75
25915573	G:0.75
26087978	A:0.25
26206414	C:0.25
26729453	A:0.75
26861877	C:0.75
26887271	G:0.75
26888725	G:0.75
26904552	CCT:0.75
26912696	C:0.75
26955330	A:0.75
26966533	C:0.75
27013468	C:0.75
27014396	C:0.75
27014483	C:0.75
27018096	A:0.75
27043559	T:0.75
27050924	A:0.75
27052358	C:0.75
27061271	G:0.75
27065211	T:0.75
27085564	A:0.75
27224799	T:0.75
27225399	G:0.75
27228198	G:0.75
27239376	G:0.75
27244473	G:0.75
27254179	C:0.75
27284443	A:0.75
27286662	C:0.75
27290751	G:0.75
27296508	G:0.75
27382061	C:0.75
27409738	A:0.75
27412805	T:0.75
27412959	C:0.75
27412997	T:0.75
27413231	G:0.75
27413403	T:0.75
27416860	T:0.75
27417337	G:0.75
27419695	G:0.75
27420304	G:0.75
27421911	T:0.75
27424163	A:0.75
27424316	G:0.75
27425793	A:0.75
27426153	G:0.75
27426411	G:0.75
27447905	C:0.75
27576019	G:0.75
27576299	T:0.75
27579011	C:0.75
27580756	C:0.75
27613677	G:0.75
27614837	T:0.25
27835138	C:0.25
27835569	C:0.25
27938424	T:0.25
28120887	C:0.75
28778817	T:0.75
29283603	C:0.75
29482878	G:0.25
29486152	G:0.25
29508775	G:0.25
29508962	C:0.25
29509791	C:0.25
29509801	G:0.25
29509946	C:0.75
29541339	A:0.25
29545987	A:0.25
29550141	G:0.25
29553485	G:0.75
29558082	T:0.75
29559588	G:0.75
29559932	C:0.75
29563073	T:0.75
29563085	T:0.75
29587917	A:0.75
29623288	C:0.75
29646032	G:0.25
29647802	C:0.25
29652531	A:0.25
29653293	T:0.25
29654876	T:0.25
29663624	T:0.25
29675878	T:0.25
29675971	T:0.25
29679246	G:0.25
29684553	C:0.25
29694054	G:0.25
29694063	C:0.25
29844658	C:0.75
29844909	A:0.75
29850691	G:0.75
29902356	T:0.75
30183663	G:0.25
30212931	C:0.75
30219569	G:0.75
30267187	A:0.75
30300339	T:0.75
30302411	G:0.75
30303480	TATATC:0.75
30321293	C:0.75
30321762	G:0.75
30376461	G:0.75
30377162	A:0.75
30380040	T:0.75
30380381	A:0.75
30470028	G:0.75
30520958	C:0.75
30525708	G:0.75
30526328	GT:0.75
30533970	A:0.75
30593206	G:0.25
30625205	G:0.75
30665005	T:0.25
30692396	G:0.75
30696296	G:0.75
31039255	T:0.75
31082747	T:0.75
31107845	A:0.75
31203902	G:0.75
32582997	ACAGCTCCTCCTTCT:0.25
32683289	A:0.75
32908217	G:0.75
32953258	G:0.75
32956955	T:0.75
33266431	A:0.75
33279125	C:0.75
33286664	A:0.75
33324382	C:0.25
33480051	G:0.75
33490763	G:0.25
33491452	A:0.25
33497050	C:0.25
33497331	A:0.25
33500988	G:0.25
33501432	C:0.25
33502937	G:0.25
33503341	C:0.25
33504465	C:0.75
33504809	C:0.25
33507272	T:0.25
33507928	G:0.25
33510235	G:0.25
33510656	A:0.25
33513591	A:0.75
33520117	C:0.25
33520263	T:0.25
33591987	T:0.25
33772689	T:0.75
33802156	T:0.75
33805180	G:0.75
33806332	C:0.75
33806812	C:0.75
33875262	T:0.25
33951228	A:0.75
33967047	T:0.25
33969327	AGTACCAT:0.75
34061989	A:0.75
34067892	G:0.25
34398277	C:0.75
34398495	C:0.75
34416246	T:0.75
34416272	CAG:0.75
34416275	T:0.75
34416281	T:0.75
34416537	G:0.75
34416946	G:0.75
34430918	T:0.75
34431211	G:0.75
34431403	G:0.75
34431852	A:0.75
34432125	A:0.75
34432242	G:0.75
34432403	C:0.75
34432581	T:0.75
34432586	A:0.75
34432663	A:0.75
34432664	T:0.75
35733466	T:0.75
35830300	G:0.25
35902225	C:0.25
35921502	T:0.75
35929283	G:0.75
35936594	T:0.75
35986274	CA:0.25
36059034	A:0.75
36059377	A:0.25
36059424	A:0.25
36064897	A:0.75
36454032	C:0.25
36474601	A:0.25
36478300	T:0.25
36478345	C:0.25
36478388	G:0.25
36486004	T:0.75
36486802	G:0.75
36489291	C:0.25
36490466	C:0.25
36491083	C:0.25
36491365	C:0.25
36493750	T:0.75
36517513	T:0.75
36622482	G:0.25
36638146	C:0.75
36638179	G:0.75
36638388	A:0.75
36638544	C:0.75
36638695	G:0.75
36646291	A:0.75
36647989	G:0.75
36656939	G:0.75
36704412	C:0.25
36724238	G:0.25
36865267	C:0.75
36868059	T:0.75
36896746	T:0.75
36911966	T:0.75
36911968	T:0.75
36912109	TACTA:0.75
36918551	G:0.75
36926731	T:0.75
36926767	G:0.75
36927055	G:0.75
36927056	C:0.75
37319065	C:0.75
37334426	A:0.75
37334427	G:0.75
37334429	C:0.75
37359216	C:0.75
37417575	C:0.75
37421767	T:0.75
37425238	T:0.75
37499614	A:0.75
37561613	A:0.25
37647042	T:0.75
37785622	G:0.75
37789998	T:0.75
37790371	G:0.75
37810218	C:0.75
37815899	G:0.75
37822311	A:0.75
37830447	T:0.75
37868715	C:0.75
37879762	G:0.75
37884037	C:0.75
37898722	G:0.75
37922259	G:0.75
38020419	T:0.75
38027400	A:0.75
38028634	G:0.75
38029120	C:0.75
38031714	C:0.75
38061439	T:0.75
38062196	G:0.75
38062217	C:0.75
38063381	C:0.75
38066240	T:0.75
38122686	G:0.75
38122708	T:0.75
38128765	G:0.75
38173143	G:0.75
38175462	C:0.75
38179275	G:0.75
38179492	A:0.75
38182229	G:0.75
38183090	G:0.75
38189049	G:0.75
38282379	A:0.75
38287884	G:0.75
38345273	CAG:0.75
38349127	G:0.75
38419138	T:0.25
38447625	A:0.75
38457151	G:0.75
38634367	G:0.25
38634383	A:0.25
38634929	C:0.25
38635064	C:0.25
38635897	G:0.25
38640744	C:0.75
38640992	A:0.75
38641412	C:0.75
38644752	G:0.75
38645125	A:0.75
38855772	T:0.25
38906718	C:0.75
38935876	C:0.75
38937125	A:0.75
38938222	T:0.75
38938591	C:0.75
38948438	G:0.75
38950272	T:0.75
38950614	A:0.75
38953540	A:0.75
38954687	C:0.75
38954903	C:0.75
38955961	G:0.75
38975307	TGCCGCCGTGGCC:0.25
38975328	G:0.75
38976998	G:0.75
38991003	T:0.75
38991032	T:0.75
39020926	T:0.75
39023396	G:0.25
39032395	C:0.75
39032768	A:0.25
39033411	A:0.75
39033467	T:0.75
39081546	A:0.75
39087597	C:0.75
39116728	G:0.75
39122422	A:0.75
39122564	A:0.75
39123013	G:0.75
39123417	C:0.75
39134561	C:0.75
39134572	C:0.75
39134576	A:0.75
39134585	G:0.75
39134659	C:0.75
39134882	A:0.75
39134931	T:0.75
39134990	A:0.75
39135028	G:0.75
39135207	A:0.75
39135214	T:0.75
39135322	C:0.75
39137104	A:0.75
39137154	C:0.75
39137387	C:0.75
39137725	C:0.75
39138436	A:0.75
39138476	C:0.75
39138477	G:0.75
39138712	G:0.75
39138918	T:0.75
39138925	G:0.75
39139274	A:0.75
39139279	A:0.75
39139370	G:0.75
39139413	C:0.75
39139430	G:0.75
39139435	C:0.75
39139655	T:0.75
39139729	C:0.75
39139961	C:0.75
39140221	C:0.75
39140417	T:0.75
39140591	C:0.75
39150167	G:0.75
39406002	G:0.75
39521142	C:0.75
39593722	C:0.75
39594204	T:0.75
39594386	C:0.75
39594934	AC:0.75
39596393	C:0.75
39596402	G:0.75
39596538	C:0.75
39619219	G:0.75
39619388	C:0.75
39619435	G:0.75
39620399	C:0.75
39622679	G:0.25
39634434	C:0.75
39642805	A:0.75
39643340	T:0.75
39659478	G:0.75
39661366	G:0.75
39738797	T:0.75
39780803	A:0.75
39920621	T:0.25
39969549	C:0.75
39984746	G:0.75
40021498	G:0.75
40485635	C:0.75
40639422	G:0.75
40705715	G:0.25
40719474	T:0.75
40737117	G:0.75
40811781	C:0.25
40812797	C:0.75
40817448	G:0.75
40834631	G:0.25
40841906	A:0.25
41121218	G:0.75
41174025	A:0.75
41216205	G:0.75
41223094	T:0.75
41234470	A:0.75
41244000	T:0.75
41244435	T:0.75
41244936	G:0.75
41245237	A:0.75
41245466	G:0.75
41248164	C:0.75
41249363	TA:0.75
41276247	A:0.75
41290674	G:0.75
41330024	T:0.75
41331306	C:0.75
41331460	G:0.75
41332734	A:0.75
41346283	G:0.75
41346798	T:0.75
41348813	A:0.75
41353806	C:0.75
41362272	C:0.75
41364910	A:0.75
41561601	CGGAAGGA:0.25
41606711	G:0.75
41738087	G:0.25
41847415	T:0.75
41879074	T:0.75
41891437	G:0.75
41891473	A:0.75
41893360	T:0.75
41902799	G:0.75
41907509	A:0.75
41926126	C:0.75
42018471	T:0.75
42155742	C:0.75
42164885	G:0.75
42170289	G:0.75
42171206	T:0.75
42254969	AC:0.75
42327850	G:0.75
42329004	A:0.75
42337091	C:0.75
42428538	G:0.75
42475962	A:0.75
43003906	C:0.75
43003907	T:0.75
43183028	G:0.75
43190322	T:0.75
43191099	T:0.75
43195981	T:0.75
43213772	A:0.75
43226887	A:0.75
43227214	T:0.75
43334228	T:0.75
44039365	C:0.75
44067382	T:0.75
44109236	G:0.75
45000529	G:0.25
45007213	A:0.75
45012087	A:0.25
45015632	T:0.75
45017645	T:0.75
45017859	A:0.25
45198400	G:0.25
45201091	C:0.25
45218857	G:0.25
45229041	C:0.25
45229087	G:0.75
45249637	C:0.25
45291103	TG:0.75
45297004	C:0.75
45331358	C:0.75
45363546	G:0.75
45367681	C:0.75
45377702	C:0.75
45380002	T:0.75
45380399	G:0.75
45438417	A:0.75
45438690	G:0.75
45447832	A:0.75
45456362	T:0.75
45456460	A:0.75
45468842	A:0.75
45469031	AT:0.75
45479696	G:0.75
45490251	C:0.75
45492341	A:0.75
45517771	T:0.75
45517774	G:0.75
45776665	C:0.75
45885441	T:0.75
45885756	C:0.75
45890707	C:0.75
45890898	A:0.75
45892545	T:0.75
45896053	G:0.75
45904420	C:0.75
45905779	G:0.75
45909183	T:0.75
45912672	C:0.75
45912696	C:0.75
45915468	T:0.75
45917246	A:0.75
46020698	C:0.75
46022824	CT:0.75
46029962	ACTCT:0.75
46049126	A:0.25
46051273	G:0.75
46055036	G:0.75
46114620	C:0.75
46198876	G:0.75
46262171	C:0.75
46607817	C:0.75
46607958	T:0.75
46608030	G:0.75
46799812	A:0.75
46847575	C:0.25
46894377	A:0.75
46970509	G:0.75
47004090	G:0.75
47007963	C:0.75
47014651	CT:0.75
47018069	G:0.75
47036042	C:0.75
47120776	T:0.75
47122525	T:0.75
47123423	T:0.75
47218899	A:0.75
47241642	G:0.75
47685050	T:0.75
47782008	G:0.75
48046775	G:0.75
48069288	G:0.75
48072426	G:0.75
48148413	G:0.75
48148519	G:0.75
48172779	A:0.25
48226811	C:0.75
48243384	G:0.75
48246231	C:0.25
48273903	A:0.25
48431032	G:0.75
48431197	C:0.75
48432324	G:0.75
48447125	A:0.75
48455985	A:0.75
48456193	T:0.75
48465636	A:0.75
48465806	G:0.75
48469538	G:0.75
48474501	G:0.75
48538359	A:0.75
48557326	G:0.25
48557348	T:0.25
48595109	T:0.25
48595434	G:0.25
48595988	G:0.25
48597273	G:0.25
48598279	T:0.25
48598785	G:0.25
48599092	G:0.25
48599450	A:0.25
48599656	C:0.25
48601328	G:0.25
48606537	C:0.25
48608717	T:0.25
48613837	A:0.25
48616114	C:0.25
48616271	C:0.75
48617829	G:0.25
48617903	CA:0.25
48624523	A:0.25
48625828	C:0.25
48625928	C:0.25
48627079	G:0.75
48629458	A:0.25
48633271	A:0.25
48649758	C:0.75
48652806	G:0.75
48652875	A:0.75
48684869	T:0.25
48737011	A:0.75
48738266	C:0.75
48751114	C:0.25
48752405	T:0.75
48752600	C:0.25
48752866	C:0.25
48752890	G:0.25
48753522	C:0.75
48755388	C:0.75
48756937	C:0.25
48761105	C:0.75
48818901	A:0.75
48821201	T:0.75
48821207	T:0.75
48823468	G:0.75
48823815	C:0.75
48917333	C:0.75
48940422	T:0.75
49054439	T:0.75
49057541	C:0.75
49060107	T:0.75
49067763	T:0.75
49073854	C:0.75
49084927	C:0.75
49097501	C:0.75
49156907	A:0.75
49237562	C:0.75
49239036	C:0.75
49270643	AT:0.75
49711042	A:0.75
51063941	C:0.75
51902758	A:0.25
52991636	G:0.75
52992128	TA:0.75
53007655	T:0.75
53013980	A:0.75
53014232	A:0.75
53024537	G:0.75
53038082	G:0.75
53038430	A:0.75
53038654	A:0.75
53038745	A:0.75
53038783	G:0.75
53041857	A:0.75
53041965	T:0.75
53042017	C:0.75
53042023	TA:0.75
53063743	C:0.75
53076447	T:0.25
53120855	A:0.75
53155666	C:0.75
53491458	C:0.75
54872391	A:0.75
54872439	T:0.75
54872555	C:0.75
54872595	A:0.75
54872604	C:0.75
54872791	A:0.75
54892348	G:0.75
54912339	G:0.75
54923451	CAT:0.25
54939103	G:0.75
55026912	A:0.75
55028170	C:0.75
55038062	T:0.25
55065530	A:0.75
55182811	CT:0.25
55182878	C:0.75
55183203	T:0.25
55183317	G:0.75
55187558	C:0.75
55187654	C:0.75
55196543	G:0.75
55478748	A:0.75
55708812	A:0.75
55709380	A:0.75
55754573	G:0.75
55957068	G:0.75
56341733	C:0.75
56357833	G:0.75
56381592	T:0.75
56398006	C:0.75
56403894	C:0.75
56429094	A:0.75
56429673	A:0.75
56432362	C:0.75
56436211	T:0.75
56438301	G:0.75
56440542	G:0.75
56448052	A:0.25
56448297	C:0.25
56492800	T:0.25
56535932	A:0.75
56539890	C:0.75
56540110	G:0.75
56540267	C:0.75
56584205	A:0.25
56585314	A:0.25
56585872	G:0.25
56590643	T:0.75
56594197	C:0.25
56598439	T:0.25
56603978	G:0.25
56619581	C:0.25
56620167	C:0.75
56620501	A:0.75
56643109	A:0.75
56646909	G:0.25
56654690	T:0.25
56654850	A:0.75
56659018	C:0.75
56663842	A:0.75
56676368	T:0.75
56688511	GT:0.75
56692800	G:0.75
56693132	C:0.75
56695008	C:0.75
56698827	G:0.75
56707419	C:0.75
56769979	C:0.75
56783623	A:0.75
56798207	T:0.75
57043367	T:0.75
57050365	C:0.75
57184162	A:0.75
57208752	T:0.75
57291138	A:0.75
57325931	A:0.75
57676168	T:0.75
57733760	T:0.25
57895025	G:0.75
57989740	G:0.75
58013909	A:0.75
58022484	A:0.75
58134442	G:0.75
58504201	C:0.75
59478776	G:0.75
59482165	GC:0.75
59482169	C:0.75
59482173	G:0.75
59485393	C:0.75
59485555	C:0.75
59490235	C:0.75
59544863	G:0.75
59667953	G:0.75
59668021	G:0.75
59668352	C:0.75
59760996	A:0.75
59763114	A:0.75
59763347	A:0.75
59974651	A:0.75
60005281	A:0.75
60455076	C:0.75
60455184	A:0.75
60455506	T:0.75
60470547	C:0.25
60637258	C:0.75
60802596	G:0.25
60802824	C:0.25
60813245	T:0.25
60813271	A:0.75
60813627	G:0.25
60814273	A:0.25
60821564	G:0.75
60837034	G:0.75
60837563	G:0.75
61555666	G:0.75
61556298	C:0.75
61558229	A:0.75
61559923	C:0.75
61560763	T:0.75
61561896	G:0.75
61562309	C:0.75
61562490	A:0.75
61562553	G:0.75
61562774	T:0.75
61562954	C:0.75
61563661	C:0.25
61564052	A:0.75
61564281	T:0.75
61565990	G:0.75
61565998	A:0.75
61566031	G:0.75
61566724	G:0.75
61573761	T:0.75
61574492	G:0.75
61784471	C:0.75
61829989	C:0.25
61888461	G:0.75
61949947	G:0.75
61958664	G:0.75
61958964	T:0.25
61973513	G:0.25
61987702	C:0.75
61987944	C:0.75
61988306	A:0.75
61988308	A:0.75
61988318	C:0.75
62025238	G:0.75
62028528	C:0.75
62227893	A:0.25
62232073	A:0.25
62254512	A:0.25
62265838	TC:0.25
62270743	C:0.25
62270785	T:0.25
62271890	AT:0.25
62476260	G:0.25
62892442	G:0.75
63532517	G:0.75
63532948	A:0.75
63545622	T:0.75
63822041	A:0.75
64208396	G:0.25
64210403	G:0.25
64210528	G:0.25
64213104	A:0.25
64216644	G:0.25
64219479	GA:0.25
64220092	G:0.25
64731813	C:0.75
64735157	T:0.75
64782731	T:0.75
64783539	C:0.75
64799890	G:0.75
65041073	G:0.75
65052304	G:0.75
65104666	T:0.75
65110436	A:0.75
65116988	G:0.75
65156919	G:0.75
65164181	C:0.75
65191647	T:0.75
65197158	A:0.75
65199627	T:0.75
65212042	C:0.75
65343725	G:0.75
66033109	C:0.25
66038181	C:0.75
66038556	G:0.25
66039350	A:0.75
66039618	G:0.75
66039668	A:0.75
66042238	C:0.75
66267650	T:0.75
66270082	A:0.75
66303352	G:0.25
66364577	G:0.25
66453572	GGCCCGGGAA:0.25
66523772	G:0.25
66525464	T:0.75
66533979	C:0.75
66535746	C:0.75
66538239	G:0.75
66539847	C:0.75
66552094	G:0.75
66879927	C:0.75
67075072	G:0.75
67080770	A:0.75
67081513	A:0.75
67081732	C:0.75
67081830	T:0.75
67096691	C:0.25
67099129	A:0.75
67109662	G:0.75
67109673	A:0.75
67109894	C:0.75
67119593	G:0.75
67125840	C:0.75
67133352	T:0.75
67144884	G:0.75
67145290	C:0.75
67147962	G:0.75
67148943	GTAAA:0.75
67149013	G:0.75
67151207	C:0.75
67152734	G:0.75
67152893	CAAAT:0.75
67160186	T:0.75
67161510	T:0.75
67170736	A:0.75
67171748	A:0.75
67178316	A:0.75
67178713	A:0.75
67181333	G:0.75
67181540	C:0.75
67181548	T:0.75
67183676	C:0.75
67184196	G:0.75
67186446	T:0.75
67197475	T:0.75
67197491	T:0.75
67211058	T:0.75
67211118	T:0.75
67212031	A:0.75
67212423	G:0.75
67212574	A:0.75
67212595	G:0.75
67212768	C:0.75
67215485	C:0.75
67215712	C:0.75
67217727	T:0.75
67217796	C:0.75
67218197	A:0.75
67249539	CA:0.75
67249922	T:0.75
67266622	C:0.75
67267317	T:0.75
67284118	C:0.75
67290840	T:0.75
67304447	C:0.75
67305364	C:0.75
71167521	G:0.75
71189182	A:0.75
71192468	C:0.75
71192663	G:0.75
71192873	A:0.75
71192955	C:0.75
71193594	G:0.75
71195833	T:0.75
71195949	C:0.75
71196809	A:0.75
71196995	G:0.75
71197439	C:0.75
71197748	G:0.75
71202099	C:0.75
71205854	A:0.75
71208647	GC:0.75
71223052	A:0.75
71227953	A:0.75
71228066	A:0.75
71231604	A:0.75
71232807	T:0.75
71232881	G:0.75
71233130	A:0.75
71238017	A:0.75
71238433	G:0.75
71238525	A:0.75
71238649	T:0.75
71238693	T:0.75
71238773	A:0.75
71239000	T:0.75
71239016	C:0.75
71239190	A:0.75
71239393	A:0.75
71250539	A:0.75
71257669	G:0.75
71257804	A:0.75
71335260	G:0.75
71347027	G:0.75
71357810	G:0.75
71426656	G:0.75
71426670	G:0.75
72277879	A:0.75
72305815	G:0.75
72306291	G:0.75
72308089	G:0.75
72308291	C:0.75
72338271	A:0.75
72339369	C:0.75
72339542	C:0.75
72345116	G:0.25
72349656	C:0.75
72350362	G:0.75
72355952	G:0.75
72356484	T:0.75
72357615	C:0.25
72537894	A:0.25
72538705	A:0.25
72541838	A:0.25
72541980	A:0.25
72576391	T:0.25
72590267	T:0.25
72609673	C:0.75
72609867	T:0.25
72610089	C:0.75
72773387	G:0.25
72773794	C:0.25
72781292	C:0.25
72784630	A:0.25
72784932	G:0.25
72786611	G:0.75
72844492	A:0.25
72876979	G:0.75
72889031	C:0.75
72927123	G:0.25
72929380	G:0.25
72937605	G:0.75
72937795	G:0.75
72943126	G:0.75
72944972	G:0.75
73045495	A:0.75
73093918	C:0.25
73094072	TCTC:0.25
73095828	T:0.25
73096951	A:0.75
73106046	G:0.25
73238885	G:0.75
73282206	C:0.75
73282636	C:0.25
73328989	G:0.75
73494200	G:0.75
73500073	G:0.75
73502645	G:0.75
73513289	C:0.75
73513415	CT:0.75
73513434	A:0.75
73515237	A:0.75
73518328	A:0.75
73518563	G:0.75
73519589	T:0.75
73636623	G:0.75
73644224	TG:0.75
73647138	C:0.75
73647139	A:0.75
73661411	A:0.75
73702135	G:0.75
73724803	C:0.75
73754806	A:0.25
73997639	C:0.75
74006136	C:0.75
74006322	G:0.75
74019335	C:0.75
74077797	C:0.75
74080443	C:0.75
74161533	C:0.75
74163247	C:0.75
74163478	C:0.75
74163759	G:0.75
74163821	G:0.75
74270258	C:0.75
74273187	G:0.75
74276838	A:0.75
74277339	A:0.25
74307737	T:0.75
74387284	C:0.25
74396421	G:0.75
74397026	G:0.75
74398510	C:0.75
74401522	C:0.75
74477691	C:0.75
74536337	G:0.75
74555106	T:0.25
74569068	G:0.75
74718155	C:0.75
74774825	C:0.75
74942155	T:0.25
75443292	G:0.75
75443316	C:0.75
75484700	A:0.75
75484781	T:0.75
75488973	C:0.75
75489015	T:0.75
76060866	C:0.75
76130575	A:0.25
76131070	G:0.25
76135412	G:0.25
76142402	G:0.25
76157044	C:0.75
76157271	G:0.75
76157343	C:0.75
76170830	C:0.75
76171330	C:0.75
76210367	G:0.75
76354469	C:0.75
76394449	C:0.75
76394526	T:0.75
76395421	G:0.75
76396963	A:0.75
76399552	G:0.75
76411154	T:0.75
76419984	G:0.75
76423097	G:0.75
76433685	A:0.75
76449505	G:0.75
76451921	A:0.75
76452217	C:0.75
76457910	G:0.75
76462770	G:0.75
76462874	C:0.75
76471679	G:0.25
76472768	G:0.25
76490991	G:0.75
76496350	A:0.75
76498406	A:0.25
76502634	G:0.75
76502734	T:0.75
76503527	G:0.75
76503593	T:0.75
76503624	C:0.25
76503966	T:0.75
76506607	G:0.75
76533269	A:0.25
76557659	T:0.75
76565341	G:0.75
76567013	C:0.75
76567332	C:0.75
76567883	G:0.75
76568881	A:0.75
76571269	A:0.75
76794774	T:0.75
76794981	A:0.75
76799860	T:0.75
76799898	A:0.75
76802648	T:0.75
76832133	T:0.75
76870106	C:0.75
76898182	G:0.25
77042322	G:0.75
77042718	C:0.75
77043574	T:0.75
77071040	C:0.75
77073566	G:0.75
77075667	T:0.75
77075670	C:0.75
77075854	C:0.75
77075855	T:0.75
77075866	G:0.75
77078871	C:0.75
77079755	C:0.75
77081788	G:0.75
77093026	T:0.75
77705045	T:0.75
77709339	C:0.75
77753442	G:0.75
77769837	T:0.75
77918907	C:0.75
77923014	T:0.25
78061979	A:0.75
78079224	G:0.75
78079310	T:0.75
78085713	G:0.75
78113832	G:0.75
78114895	T:0.25
78114996	C:0.75
78117841	G:0.75
78175483	T:0.75
78175854	C:0.75
78178830	A:0.75
78185556	G:0.25
78194257	C:0.75
78196742	T:0.25
78199910	C:0.25
78201554	T:0.25
78201783	T:0.25
78221850	A:0.75
78222638	GC:0.75
78222803	C:0.75
78291014	A:0.75
78293189	A:0.75
78317442	T:0.25
78319136	G:0.25
78319380	G:0.25
78323757	T:0.25
78325464	CT:0.25
78327358	G:0.25
78332396	A:0.25
78345567	T:0.25
78348494	A:0.25
78357600	A:0.75
78362300	A:0.25
78363354	C:0.25
78617212	C:0.25
78681520	A:0.25
78681626	C:0.75
78704240	A:0.75
78727734	T:0.75
78765219	A:0.75
78765712	C:0.75
78795868	A:0.75
78820374	G:0.75
78829375	G:0.75
78865491	C:0.25
78865950	C:0.25
78882806	G:0.75
78896488	C:0.75
78897146	T:0.75
78914245	G:0.75
78938134	C:0.75
78938498	C:0.25
78971156	G:0.25
78971176	A:0.75
78972669	C:0.25
79059679	C:0.25
79084348	G:0.25
79084367	G:0.75
79084574	C:0.75
79093427	C:0.75
79093822	A:0.75
79098489	G:0.75
79177283	G:0.75
79183044	C:0.75
79219500	AATG:0.75
79220224	G:0.75
79226264	T:0.75
79234241	C:0.75
79254903	T:0.75
79258784	T:0.75
79373962	G:0.75
79409434	A:0.75
79414307	A:0.75
79419158	C:0.75
79424516	A:0.75
79426481	A:0.75
79427389	G:0.75
79477898	GC:0.25
79479469	A:0.75
79479625	G:0.25
79504083	G:0.75
79514378	C:0.75
79534241	ATCTT:0.25
79618301	C:0.75
79632000	G:0.75
79632363	C:0.75
79637367	C:0.75
79639045	C:0.75
79639198	C:0.75
79639550	G:0.75
79639874	G:0.75
79650181	A:0.75
79650828	T:0.75
79653206	C:0.75
79653259	C:0.75
79653311	T:0.75
79653321	T:0.75
79657107	T:0.75
79658300	C:0.75
79658412	T:0.75
79662067	A:0.75
79662481	T:0.75
79667663	GCCAGCC:0.75
79668135	G:0.75
79668226	A:0.75
79670273	T:0.75
79670642	G:0.75
79671208	T:0.75
79671714	T:0.75
79679848	G:0.75
79682558	T:0.75
79682943	G:0.75
79816926	C:0.25
79954544	T:0.75
79977215	G:0.75
79981206	A:0.75
79994019	A:0.75
79994026	G:0.75
79994600	C:0.75
79994980	G:0.75
79995490	C:0.75
80041466	G:0.75
80043739	A:0.75
80043960	C:0.75
80048159	C:0.75
80051183	A:0.75
80053166	C:0.75
80059596	T:0.75
80059758	G:0.75
80065244	C:0.75
80071244	T:0.75
80085341	A:0.75
80085633	A:0.75
80085703	G:0.75
80085916	C:0.75
80086158	C:0.75
80086177	T:0.75
80086386	C:0.75
80086389	C:0.75
80086395	T:0.75
80086597	C:0.75
80091726	A:0.25
80091941	G:0.25
80092373	G:0.25
80109314	T:0.25
80109778	A:0.25
80109806	C:0.25
80109930	C:0.75
80115399	A:0.25
80115447	G:0.25
80116035	T:0.25
80120826	C:0.25
80121275	A:0.25
80121358	T:0.25
80129485	T:0.25
80129970	C:0.25
80136418	C:0.25
80137173	C:0.25
80145983	T:0.25
80146089	G:0.25
80151501	A:0.25
80151805	T:0.25
80151881	G:0.25
80152919	G:0.25
80156547	T:0.25
80159283	C:0.25
80159566	T:0.25
80320003	C:0.75
80356187	G:0.75
80391684	A:0.75
80394530	G:0.75
80403894	G:0.75
80405552	T:0.75
80426550	TA:0.75
80617215	C:0.75
80617552	G:0.75
80674839	CG:0.75
80680449	G:0.75
80708024	C:0.25
80739952	A:0.75
80861206	A:0.75
80866729	G:0.25
80899281	G:0.25
80914743	G:0.75
80915193	G:0.75
80918696	A:0.75
80923536	C:0.75
80962888	C:0.75
80992475	G:0.75
80992533	C:0.75
80992565	A:0.75
80992749	C:0.75
80992932	A:0.75
81006629	C:0.75
81009595	C:0.75
81043175	G:0.75
