CHROM_POS,Normal_Allele_Frequency,Tumor_Allele_Frequency
chr12-498281,GGT:0.21,GGT:0.31
chr12-2062323,T:0.3,T:0.0
chr12-2656821,TTG:0.07,TTG:0.12
chr12-2997058,CT:0.16,CT:0.27
chr12-4719169,A:0.4,A:0.0
chr12-4768521,TTC:0.09,TTC:0.0
chr12-4790967,TA:0.12,TA:0.0
chr12-6495770,TAC:0.16,TAC:0.06
chr12-7172843,C:0.18,C:0.1
chr12-7353928,T:0.17,T:0.0
chr12-7946842,TG:0.1,TG:0.0
chr12-8807982,AT:0.08,AT:0.05
chr12-9578922,GTCC:0.16,GTCC:0.0
chr12-10275993,AAG:0.06,AAG:0.06
chr12-10758592,AC:0.17,AC:0.27
chr12-11182833,C:0.1,C:0.1
chr12-13761829,CA:0.3,CA:0.0
chr12-15776223,TA:0.14,TA:0.29
chr12-18892410,TGTGTAC:0.11,TGTGTAC:0.0
chr12-20864651,GA:0.11,GA:0.0
chr12-21199797,C:0.15,C:0.0
chr12-21201606,GTGTGTGTATA:0.33,GTGTGTGTATA:0.0
chr12-22625135,TA:0.02,TA:0.3
chr12-25232997,TG:0.12,TG:0.0
chr12-25250159,TAAAA:0.16,TAAAA:0.0
chr12-25250172,T:0.19,T:0.06
chr12-26493620,TTC:0.12,TTC:0.0
chr12-26773686,C:0.12,C:0.0
chr12-26816832,CT:0.06,CT:0.04
chr12-27553788,G:0.15,G:0.14
chr12-27803097,CCT:0.07,CCT:0.04
chr12-27915585,AT:0.12,AT:0.0
chr12-28459652,AT:0.05,AT:0.26
chr12-31248952,CT:0.16,CT:0.11
chr12-31555177,TAGTA:0.14,TAGTA:0.0
chr12-31600984,CA:0.15,CA:0.0
chr12-31820564,CT:0.09,CT:0.23
chr12-33578997,TCACA:0.18,TCACA:0.45
chr12-40631625,CAACA:0.34,CAACA:0.0
chr12-40703087,C:0.36,C:0.0
chr12-40928476,T:0.09,T:0.0
chr12-41900108,CTT:0.66,CTT:1.0
chr12-43771604,C:0.16,C:0.0
chr12-46287170,TTC:0.06,TTC:0.1
chr12-46756533,TA:0.71,TA:1.0
chr12-46760557,C:0.71,C:1.0
chr12-48134381,CG:0.69,CG:1.0
chr12-48167592,AAC:0.08,AAC:0.33
chr12-48490243,AT:0.14,AT:0.0
chr12-48738937,CT:0.16,CT:0.14
chr12-49218810,G:0.42,G:0.0
chr12-49937921,A:0.15,A:0.61
chr12-50040811,A:0.62,A:1.0
chr12-50356184,GT:0.12,GT:0.19
chr12-51392897,TA:0.08,TA:0.09
chr12-51723598,A:0.31,A:0.0
chr12-52096440,GGTTATTTATTATCTCCAAGGTCATGGAGTAAATAGAATTAT:0.16,GGTTATTTATTATCTCCAAGGTCATGGAGTAAATAGAATTAT:0.26
chr12-52139669,CT:0.15,CT:0.15
chr12-53861636,TA:0.09,TA:0.12
chr12-54402808,GCGC:0.14,GCGC:0.0
chr12-56500502,TA:0.11,TA:0.21
chr12-56915761,TTC:0.1,TTC:0.0
chr12-57106158,GT:0.18,GT:0.2
chr12-57704401,T:0.16,T:0.33
chr12-57975861,TA:0.11,TA:0.0
chr12-58123905,A:0.14,A:0.45
chr12-62715412,CTGTAT:0.35,CTGTAT:0.0
chr12-64474023,C:0.24,C:0.09
chr12-64679694,CA:0.09,CA:0.13
chr12-64838767,AAT:0.17,AAT:0.08
chr12-65762700,CA:0.05,CA:0.14
chr12-66309196,G:0.08,G:0.0
chr12-69042454,CT:0.17,CT:0.19
chr12-69759551,AT:0.31,AT:0.0
chr12-72163723,CT:0.15,CT:0.29
chr12-75723265,A:1.0,A:0.67
chr12-78513975,AAAC:0.1,AAAC:0.0
chr12-80663822,AG:0.14,AG:0.41
chr12-80927999,TA:0.08,TA:0.09
chr12-81655692,CT:0.09,CT:0.07
chr12-83379617,TATG:0.05,TATG:0.03
chr12-89995053,TA:0.1,TA:0.05
chr12-90015578,C:0.13,C:0.0
chr12-94603873,AT:0.15,AT:0.62
chr12-94644863,GGGCA:0.7,GGGCA:1.0
chr12-94644891,TTAC:0.69,TTAC:1.0
chr12-95456708,A:0.11,A:0.0
chr12-96386646,G:0.1,G:0.39
chr12-96704958,TA:0.09,TA:0.07
chr12-97051642,TC:0.09,TC:0.16
chr12-97051927,GA:0.09,GA:0.21
chr12-97102700,TTATA:0.37,TTATA:0.0
chr12-97328714,TGCTTATAA:0.63,TGCTTATAA:1.0
chr12-99020688,TGACA:0.39,TGACA:0.0
chr12-99175091,AAC:0.11,AAC:0.0
chr12-100536737,C:0.18,C:0.43
chr12-101726614,A:0.14,A:0.0
chr12-101873044,G:0.17,G:0.05
chr12-102131906,TAATAA:0.13,TAATAA:0.0
chr12-102302446,TGGA:0.14,TGGA:0.0
chr12-102872155,C:1.0,C:0.75
chr12-104071158,TTCTC:0.67,TTCTC:1.0
chr12-104086736,AT:0.06,AT:0.1
chr12-104155336,C:0.15,C:0.0
chr12-104181667,AC:0.14,AC:0.0
chr12-104340285,AT:0.06,AT:0.06
chr12-104706729,CTG:0.16,CTG:0.0
chr12-105538478,AT:0.1,AT:0.08
chr12-105541201,ATG:0.12,ATG:0.0
chr12-106460244,G:0.13,G:0.0
chr12-106500158,GT:0.14,GT:0.0
chr12-106500160,TA:0.16,TA:0.12
chr12-106751910,GAGTGA:0.15,GAGTGA:0.0
chr12-107103426,TAGAG:0.11,TAGAG:0.0
chr12-107398862,TA:0.14,TA:0.17
chr12-108913292,GA:0.13,GA:0.06
chr12-109510086,G:0.2,G:0.0
chr12-109723084,GCA:0.12,GCA:0.23
chr12-110226754,ATC:0.09,ATC:0.12
chr12-110398747,GTTTGGAGTATCCTTTATTATAT:0.15,GTTTGGAGTATCCTTTATTATAT:0.0
chr12-110720351,CT:0.13,CT:0.11
chr12-110834321,CT:0.17,CT:0.0
chr12-113345088,TGA:0.05,TGA:0.0
chr12-113539461,GCTCCAGGTATTAAAAGATCCCAAGACCCAGTTCTGCATAAGGGACCC:0.1,GCTCCAGGTATTAAAAGATCCCAAGACCCAGTTCTGCATAAGGGACCC:0.41
chr12-117448561,ATTTG:0.13,ATTTG:0.0
chr12-117702252,ATTTATTTTCTTTC:0.08,ATTTATTTTCTTTC:0.71
chr12-120150674,TA:0.11,TA:0.05
chr12-121660524,ATTC:0.1,ATTC:0.0
chr12-121678327,CT:0.07,CT:0.57
chr12-122188507,CACACCA:0.12,CACACCA:0.0
chr12-123087819,TA:0.12,TA:0.09
chr12-123107165,T:0.15,T:0.14
chr12-123253698,AAT:0.1,AAT:0.04
chr12-124144572,CT:0.08,CT:0.07
chr12-129299856,A:0.14,A:0.25
chr12-131561782,GA:0.12,GA:0.0
chr12-132401647,G:0.1,G:0.14
chr12-132414712,GGGGTTTAGGTGCAGGTGCGGCCGCCGGGGAAGCGGTGGGTCCGGCT:0.13,GGGGTTTAGGTGCAGGTGCGGCCGCCGGGGAAGCGGTGGGTCCGGCT:0.25
chr12-132496389,C:0.14,C:0.0
chr12-132501723,CG:0.18,CG:0.0
chr12-132685448,C:0.13,C:0.0
chr12-132824311,GCACTCGCCCTCACCCCATCCCCGGACGCTGCAGCCA:0.16,GCACTCGCCCTCACCCCATCCCCGGACGCTGCAGCCA:0.18
chr12-133197288,GA:0.36,GA:0.0
chr12-133220652,A:0.32,A:0.0
chr12-133234389,CAT:0.33,CAT:0.0
chr12-133378244,AC:0.11,AC:0.19
chr12-133420743,CCCAGCAACA:0.19,CCCAGCAACA:0.37
chr17-1558921,AT:0.12,AT:0.17
chr17-1584377,CT:0.12,CT:0.0
chr17-1933225,T:0.15,T:0.0
chr17-2200857,AAC:0.07,AAC:0.06
chr17-3418119,AGTT:0.33,AGTT:0.0
chr17-3721260,TAC:0.1,TAC:0.0
chr17-3999600,T:0.21,T:0.07
chr17-4199933,ATCTT:0.31,ATCTT:0.0
chr17-5035934,TG:0.05,TG:0.06
chr17-5045630,T:0.31,T:0.0
chr17-5047791,C:0.22,C:0.14
chr17-5319508,T:0.15,T:0.0
chr17-7077983,TCACA:0.14,TCACA:0.0
chr17-7290533,CT:0.66,CT:1.0
chr17-7290787,TG:0.67,TG:1.0
chr17-7401335,G:0.69,G:1.0
chr17-7403163,AAAAC:0.16,AAAAC:0.0
chr17-7696854,T:0.11,T:0.0
chr17-7708163,CA:0.16,CA:0.25
chr17-8417019,TA:0.17,TA:0.08
chr17-8731190,A:0.11,A:0.0
chr17-9503559,CT:0.09,CT:0.06
chr17-10348705,A:0.37,A:0.0
chr17-10609585,GAT:0.08,GAT:0.05
chr17-14005647,C:0.3,C:0.0
chr17-14062999,AATT:0.69,AATT:1.0
chr17-15222535,C:0.62,C:1.0
chr17-15222769,T:0.13,T:0.0
chr17-15501703,ATGGG:0.15,ATGGG:0.0
chr17-15516422,GGA:0.12,GGA:0.0
chr17-16024701,CA:0.08,CA:0.16
chr17-16097665,TA:0.09,TA:0.07
chr17-16636078,TAC:0.12,TAC:0.0
chr17-17183861,AAC:0.17,AAC:0.38
chr17-17723843,AAGG:0.64,AAGG:1.0
chr17-17909193,CTG:0.09,CTG:0.0
chr17-18291397,TG:0.08,TG:0.0
chr17-19552791,CTTTCT:0.14,CTTTCT:0.62
chr17-20200129,CTCTG:0.27,CTCTG:0.0
chr17-20225135,CA:0.43,CA:0.0
chr17-20227623,TA:0.65,TA:1.0
chr17-20945874,GCA:0.17,GCA:0.56
chr17-21323651,AAC:0.13,AAC:0.17
chr17-26088335,CG:0.04,CG:0.11
chr17-26088337,GC:0.96,GC:0.89
chr17-26904552,CCT:0.25,CCT:0.0
chr17-27576912,CA:0.17,CA:0.0
chr17-27829588,CT:0.15,CT:0.29
chr17-27895680,G:0.13,G:0.46
chr17-29192714,TG:0.1,TG:0.21
chr17-30302736,A:0.12,A:0.12
chr17-30322218,TA:0.16,TA:0.0
chr17-30687599,AT:0.07,AT:0.11
chr17-31103176,C:0.14,C:0.0
chr17-31439097,AAG:0.07,AAG:0.06
chr17-32965285,C:0.17,C:0.12
chr17-33288433,GA:0.16,GA:0.09
chr17-34161083,TTA:0.06,TTA:0.0
chr17-35506596,A:0.15,A:0.57
chr17-35581887,TTA:0.12,TTA:0.2
chr17-35825459,TA:0.11,TA:0.13
chr17-35978526,AT:0.11,AT:0.18
chr17-36647321,A:0.16,A:0.0
chr17-36936362,TC:0.17,TC:0.0
chr17-37119364,AT:0.08,AT:0.09
chr17-38451739,TA:0.14,TA:0.07
chr17-39121022,T:0.13,T:0.0
chr17-40040422,A:0.01,A:0.21
chr17-40462796,TTG:0.07,TTG:0.05
chr17-40850515,AGTGT:0.11,AGTGT:0.0
chr17-40986454,GGA:0.11,GGA:0.21
chr17-40993248,GT:0.1,GT:0.0
chr17-41108009,AAC:0.06,AAC:0.06
chr17-41121205,TGGG:0.08,TGGG:0.11
chr17-41226736,GGGGTT:0.1,GGGGTT:0.0
chr17-41256100,AAAG:0.16,AAAG:0.0
chr17-41348222,T:0.13,T:0.0
chr17-41561601,CGGAAGGA:0.56,CGGAAGGA:1.0
chr17-43205184,A:0.14,A:0.0
chr17-45234758,G:0.08,G:0.09
chr17-45291103,TG:0.33,TG:0.0
chr17-45471119,TAAAA:0.14,TAAAA:0.0
chr17-45490611,AT:0.14,AT:0.0
chr17-45506912,A:0.12,A:0.0
chr17-45677204,TG:0.14,TG:0.12
chr17-45727928,CCCCCCT:0.16,CCCCCCT:0.0
chr17-47014651,CT:0.33,CT:0.0
chr17-47103973,CCCTT:0.0,CCCTT:0.18
chr17-48445110,TC:0.07,TC:0.55
chr17-48617903,CA:0.71,CA:1.0
chr17-48737061,T:0.18,T:0.0
chr17-48819435,T:0.14,T:0.0
chr17-49124845,G:0.34,G:0.0
chr17-53014232,A:0.3,A:0.0
chr17-53016155,CTT:0.14,CTT:0.0
chr17-55016354,TA:0.1,TA:0.3
chr17-55182811,CT:0.68,CT:1.0
chr17-55334771,C:0.19,C:0.28
chr17-56393251,G:0.13,G:0.06
chr17-57089576,C:0.16,C:0.0
chr17-57141768,TA:0.14,TA:0.18
chr17-59857599,CA:0.08,CA:0.06
chr17-59974794,CT:0.07,CT:0.09
chr17-61562490,A:0.35,A:0.0
chr17-61829856,CT:0.08,CT:0.12
chr17-61831475,A:0.18,A:0.0
chr17-61908067,TG:0.09,TG:0.27
chr17-62265838,TC:0.65,TC:1.0
chr17-62589325,CT:0.14,CT:0.06
chr17-66036943,T:0.35,T:0.0
chr17-66041885,TA:0.13,TA:0.33
chr17-66453572,GGCCCGGGAA:0.6,GGCCCGGGAA:1.0
chr17-66923791,TA:0.15,TA:0.0
chr17-67152893,CAAAT:0.31,CAAAT:0.0
chr17-67303356,CAAATA:0.14,CAAATA:0.0
chr17-71202099,C:0.38,C:0.0
chr17-72521760,GTC:0.07,GTC:0.18
chr17-72939854,AAC:0.06,AAC:0.0
chr17-73094072,TCTC:0.68,TCTC:1.0
chr17-73626933,GT:0.15,GT:0.09
chr17-73820570,AAT:0.07,AAT:0.1
chr17-75485136,CA:0.18,CA:0.0
chr17-76474771,TTATTACCATCATTACCATCACCACCAC:0.07,TTATTACCATCATTACCATCACCACCAC:0.29
chr17-76474816,CCAT:0.11,CCAT:0.22
chr17-76488396,ATGTCT:0.15,ATGTCT:0.0
chr17-76495503,T:0.18,T:0.0
chr17-76705356,AGAGCCAGAGCCAGGGCGTGGGCC:0.14,AGAGCCAGAGCCAGGGCGTGGGCC:0.0
chr17-78196742,T:0.55,T:1.0
chr17-78919327,GCTTGCAGTGAGC:0.08,GCTTGCAGTGAGC:0.0
chr17-79093029,T:0.18,T:0.5
chr17-79093447,AGTCACGGGCCCAGGCCCCGCCTCCCATCAT:0.16,AGTCACGGGCCCAGGCCCCGCCTCCCATCAT:0.62
chr17-79227388,TCCA:0.15,TCCA:0.0
chr17-79423971,AC:0.15,AC:0.0
chr17-80397988,TC:0.16,TC:0.0
chr5-206329,T:0.14,T:0.2
chr5-413439,TG:0.09,TG:0.2
chr5-432897,TC:0.66,TC:0.97
chr5-475337,TGGAAAGTTAGGGTCACCG:0.49,TGGAAAGTTAGGGTCACCG:1.0
chr5-480387,AG:0.14,AG:0.0
chr5-911759,T:0.19,T:0.0
chr5-916906,GC:0.09,GC:0.0
chr5-1036606,CG:0.12,CG:0.24
chr5-5319489,C:0.18,C:0.0
chr5-5457379,CT:0.14,CT:0.0
chr5-6312879,C:0.17,C:0.0
chr5-10681473,GGGCCCACCAGCGCCCCT:0.13,GGGCCCACCAGCGCCCCT:0.0
chr5-13823658,AT:0.09,AT:0.22
chr5-13862969,A:0.1,A:0.0
chr5-14390989,CT:0.1,CT:0.07
chr5-14398902,AT:0.67,AT:1.0
chr5-14507518,A:0.14,A:0.0
chr5-16679926,G:0.14,G:0.0
chr5-31267934,CT:0.04,CT:0.33
chr5-31435975,CA:0.1,CA:0.05
chr5-32071762,GT:0.14,GT:0.0
chr5-32789195,CT:0.13,CT:0.0
chr5-32789393,TA:0.09,TA:0.0
chr5-35066374,AT:0.12,AT:0.08
chr5-35085011,ACC:0.17,ACC:0.0
chr5-36218162,ATATT:0.1,ATATT:0.0
chr5-38952653,TG:0.17,TG:0.13
chr5-38990927,TGATATATGA:0.1,TGATATATGA:0.0
chr5-40747164,CT:0.14,CT:0.0
chr5-41840417,TG:0.13,TG:0.0
chr5-41909830,CT:0.13,CT:0.1
chr5-43292483,C:0.31,C:0.0
chr5-43294357,TAAGTAA:0.32,TAAGTAA:0.0
chr5-50129699,CT:0.1,CT:0.06
chr5-52189765,CT:0.13,CT:0.18
chr5-55088851,AGT:0.1,AGT:0.0
chr5-55208907,TTTTTTGTTTTTG:0.13,TTTTTTGTTTTTG:0.0
chr5-56231361,TA:0.06,TA:0.0
chr5-57755013,CA:0.17,CA:0.18
chr5-57913884,AATT:0.08,AATT:0.0
chr5-57913935,TA:0.1,TA:0.0
chr5-60060472,T:0.14,T:0.0
chr5-60170512,TA:0.13,TA:0.06
chr5-64907242,G:0.19,G:0.12
chr5-68396902,A:0.07,A:0.07
chr5-68464357,TA:0.13,TA:0.0
chr5-68662287,T:0.1,T:0.08
chr5-70248108,C:0.39,C:0.0
chr5-70400310,GTACTT:0.09,GTACTT:0.09
chr5-73090272,ATATAAAGGTAATGAATGACTC:0.15,ATATAAAGGTAATGAATGACTC:0.46
chr5-73980963,GC:0.36,GC:0.0
chr5-74651576,GA:0.16,GA:0.2
chr5-74707128,T:0.19,T:0.67
chr5-76759297,AT:0.15,AT:0.0
chr5-78918877,A:0.1,A:0.0
chr5-79933653,T:0.69,T:1.0
chr5-80088461,CAG:0.32,CAG:0.0
chr5-81283694,TCAGGCTAA:0.11,TCAGGCTAA:0.0
chr5-81283704,G:0.12,G:0.0
chr5-82843711,T:0.6,T:1.0
chr5-82940957,G:0.09,G:0.6
chr5-86690032,CTTTAA:0.14,CTTTAA:0.0
chr5-86704952,TA:0.16,TA:0.0
chr5-89920694,T:0.18,T:0.58
chr5-89989042,T:0.0,T:0.75
chr5-93739671,GATTCTT:0.13,GATTCTT:0.0
chr5-94353240,T:0.16,T:0.41
chr5-96236894,TTTTG:0.12,TTTTG:0.0
chr5-101749115,TA:0.17,TA:0.0
chr5-102286120,G:0.15,G:0.06
chr5-102296593,A:0.1,A:0.0
chr5-102309524,C:0.15,C:0.0
chr5-102342896,TAC:0.11,TAC:0.1
chr5-108679656,AG:0.14,AG:0.0
chr5-109760364,CA:0.12,CA:0.0
chr5-111530024,AAC:0.1,AAC:0.05
chr5-111643430,CTTCT:0.13,CTTCT:0.0
chr5-112478549,GGATGCTCGTCTCTAA:0.15,GGATGCTCGTCTCTAA:0.0
chr5-115167595,CT:0.11,CT:0.0
chr5-115814055,AAC:0.04,AAC:0.06
chr5-118830006,CCTTT:0.16,CCTTT:0.0
chr5-118867261,G:0.12,G:0.0
chr5-118877529,TA:0.12,TA:0.2
chr5-122734724,TA:0.14,TA:0.12
chr5-123973360,T:0.12,T:0.0
chr5-125759524,A:0.29,A:0.0
chr5-125929000,AAC:0.08,AAC:0.14
chr5-125967927,C:0.17,C:0.0
chr5-127507316,A:0.14,A:0.48
chr5-130840782,CT:0.1,CT:0.18
chr5-131553428,T:0.35,T:0.0
chr5-131598746,ATTTG:0.12,ATTTG:0.0
chr5-131714344,A:0.15,A:0.0
chr5-131821642,CCCTACTTCCTTCCTCA:0.53,CCCTACTTCCTTCCTCA:1.0
chr5-132089825,C:0.08,C:0.0
chr5-132362336,A:0.11,A:0.0
chr5-132428470,GA:0.06,GA:0.0
chr5-137013350,CA:0.15,CA:0.0
chr5-137464887,AT:0.09,AT:0.0
chr5-138253220,TTTTA:0.12,TTTTA:0.0
chr5-140232470,AT:0.09,AT:0.06
chr5-140233585,CA:0.18,CA:0.0
chr5-140812775,CT:0.1,CT:0.0
chr5-145650963,CA:0.14,CA:0.14
chr5-147445108,TCACACA:0.16,TCACACA:0.0
chr5-147480676,T:0.11,T:0.0
chr5-147793666,CT:0.14,CT:0.08
chr5-149374879,CT:0.32,CT:0.0
chr5-149497107,GCACA:0.14,GCACA:0.04
chr5-149601932,C:0.17,C:0.0
chr5-149826951,G:0.33,G:0.0
chr5-150503435,TGAGG:0.16,TGAGG:0.0
chr5-153677361,T:0.7,T:1.0
chr5-159841492,TA:0.11,TA:0.09
chr5-160063452,CTG:0.07,CTG:0.0
chr5-162884097,AAC:0.1,AAC:0.0
chr5-167841889,AC:0.11,AC:0.0
chr5-169020337,CT:0.06,CT:0.15
chr5-170343720,GC:0.09,GC:0.12
chr5-170345407,T:0.16,T:0.38
chr5-170818964,G:0.17,G:0.25
chr5-171520972,AAT:0.09,AAT:0.05
chr5-172114301,TGA:0.14,TGA:0.0
chr5-173043709,TG:0.18,TG:0.0
chr5-175934026,G:0.14,G:0.0
chr5-176018619,ATGG:0.08,ATGG:0.0
chr5-176019429,ATGG:0.15,ATGG:0.0
chr5-177035488,G:0.06,G:0.25
chr5-177162132,AC:0.17,AC:0.0
chr5-177462771,GGA:0.11,GGA:0.38
chr5-177676986,GCA:0.09,GCA:0.07
chr5-178978098,AC:0.1,AC:0.0
chr5-179155907,CT:0.12,CT:0.11
chr5-179665269,C:0.12,C:0.05
chr5-180018812,A:0.06,A:0.27
chr5-180045700,G:0.3,G:0.0
